Workout.1,Workout.2,Workout.3,Workout.4,Workout.5,Workout.6,Workout.7,Workout.8,,
97,112,114,90,124,195,136,118,,
96,112,119,90,118,194,139,119,,
94,116,120,93,127,191,139,119,,
94,121,121,96,133,188,138,119,,
97,123,122,102,136,186,138,119,,
98,129,124,103,139,186,139,119,,
99,137,126,103,145,187,140,119,,
102,143,128,103,154,188,141,119,,
110,148,127,103,162,190,141,117,,
112,153,127,104,168,191,141,115,,
114,154,127,108,173,192,141,112,,
115,154,126,110,176,193,139,111,,
116,154,123,111,177,193,139,110,,
117,155,121,112,179,194,140,109,,
116,157,120,109,180,195,141,106,,
117,160,117,107,180,196,141,104,,
119,162,115,105,181,196,141,103,,
120,165,110,104,182,196,142,101,,
123,166,107,97,183,197,143,101,,
124,168,105,93,183,197,145,100,,
125,168,101,89,183,197,144,99,,
126,168,99,87,184,197,141,99,,
127,168,98,89,185,198,140,97,,
129,168,97,92,186,199,141,94,,
132,169,97,102,187,199,142,92,,
136,170,101,103,188,199,143,91,,
143,170,104,103,188,198,143,91,,
145,171,111,103,188,198,142,91,,
149,171,114,103,189,199,142,89,,
150,172,116,103,189,199,139,89,,
151,172,119,104,189,199,138,87,,
151,172,121,104,189,199,136,86,,
146,171,124,102,189,200,134,85,,
143,171,127,100,190,200,132,83,,
141,172,130,99,190,201,131,83,,
141,172,133,99,191,201,128,85,,
140,172,135,102,191,201,128,85,,
140,172,135,103,191,201,131,88,,
140,173,135,103,191,202,133,86,,
139,173,135,103,191,202,132,85,,
137,173,138,103,191,202,132,86,,
138,173,140,107,192,202,134,85,,
140,173,140,108,193,202,132,86,,
140,173,140,109,194,202,121,88,,
141,173,141,106,195,202,120,90,,
142,173,143,103,195,202,118,93,,
145,173,144,103,196,202,116,95,,
147,173,143,103,195,202,110,95,,
148,174,142,108,195,202,110,97,,
149,173,142,110,196,202,119,97,,
148,174,143,111,196,202,122,99,,
147,174,143,109,196,202,128,100,,
147,174,143,109,196,203,129,100,,
149,173,143,109,197,203,130,99,,
150,173,143,113,197,204,131,97,,
150,173,143,118,196,204,134,98,,
147,174,142,122,197,205,135,98,,
146,174,142,123,197,205,137,95,,
144,174,144,123,196,205,137,92,,
140,175,146,125,197,205,138,91,,
130,175,147,126,197,205,137,89,,
125,176,147,126,197,204,135,88,,
124,176,148,127,197,203,132,86,,
126,177,148,130,198,203,129,85,,
128,177,148,131,198,203,129,84,,
126,177,148,128,198,203,129,83,,
121,177,150,127,198,204,129,82,,
119,176,151,127,198,205,127,84,,
116,176,150,126,198,205,126,83,,
114,177,150,123,198,205,126,82,,
112,177,150,121,199,205,127,83,,
112,177,150,121,199,204,127,82,,
112,177,151,122,198,203,127,82,,
113,177,151,120,198,200,129,84,,
115,177,150,119,198,171,132,87,,
116,177,148,112,198,173,133,96,,
119,177,147,111,197,173,132,108,,
121,176,147,109,197,176,130,116,,
122,175,149,107,197,178,130,118,,
121,176,149,104,197,182,129,116,,
120,176,149,99,197,183,127,113,,
119,176,149,98,196,186,126,113,,
120,177,148,104,196,188,126,117,,
119,179,148,105,196,190,126,119,,
119,179,150,101,195,191,125,119,,
119,179,150,96,195,193,125,118,,
122,178,151,96,195,192,126,118,,
123,177,152,97,196,192,127,116,,
124,176,152,96,195,192,124,111,,
124,176,152,93,196,193,123,107,,
123,176,151,89,196,193,124,103,,
123,176,151,90,196,194,124,100,,
123,175,151,94,196,194,124,97,,
122,176,151,100,195,194,124,95,,
121,177,152,102,195,194,123,91,,
122,177,152,104,195,195,120,92,,
126,177,152,103,195,195,120,97,,
127,177,152,99,194,196,123,106,,
126,177,151,94,194,196,125,106,,
125,177,152,94,195,196,127,101,,
120,178,156,89,195,196,127,95,,
118,178,157,89,195,197,125,93,,
113,179,154,88,195,198,125,90,,
110,179,153,92,195,199,126,90,,
109,179,153,92,195,198,127,93,,
111,179,151,91,196,199,128,100,,
117,179,151,88,195,199,128,100,,
117,180,152,86,195,200,130,100,,
113,180,154,86,196,200,131,98,,
111,180,155,85,196,200,134,100,,
108,180,155,81,196,201,135,101,,
107,180,154,81,196,201,136,99,,
108,179,152,80,195,202,136,97,,
109,178,153,84,195,202,138,94,,
112,177,155,89,,203,140,96,,
114,177,157,94,,203,145,102,,
114,176,157,101,,204,147,105,,
111,174,155,108,,203,144,108,,
108,174,153,109,,203,142,108,,
109,173,153,109,,203,140,108,,
115,174,153,108,,204,140,107,,
116,174,153,108,,203,139,105,,
117,175,152,109,,203,138,104,,
118,175,152,111,,203,137,100,,
119,175,152,114,,203,137,97,,
120,175,153,115,,204,136,96,,
120,176,152,115,,204,136,96,,
121,176,152,114,,204,133,95,,
123,175,154,114,,204,130,91,,
124,174,154,116,,203,129,88,,
125,173,152,117,,203,130,87,,
125,173,152,118,,203,132,94,,
126,173,153,117,,203,133,96,,
126,174,154,116,,203,134,99,,
125,176,155,116,,203,134,92,,
125,176,157,120,,202,135,86,,
124,177,157,123,,203,135,82,,
123,178,157,124,,203,133,82,,
123,178,156,125,,203,131,81,,
123,178,155,127,,204,130,80,,
122,179,156,129,,204,130,79,,
122,179,157,132,,205,123,77,,
125,179,158,137,,204,119,78,,
127,179,156,139,,203,117,76,,
129,178,156,142,,,117,74,,
128,177,155,144,,,120,76,,
126,177,157,145,,,120,75,,
125,177,159,147,,,117,72,,
124,177,161,148,,,116,72,,
124,177,161,147,,,112,71,,
124,177,161,145,,,109,74,,
124,175,161,145,,,108,80,,
124,175,160,146,,,112,93,,
123,175,158,148,,,122,100,,
122,175,157,150,,,123,103,,
122,173,158,150,,,119,107,,
122,172,159,149,,,114,111,,
120,171,160,149,,,110,114,,
119,171,162,149,,,108,117,,
120,170,162,148,,,102,121,,
122,169,163,147,,,102,125,,
122,170,164,146,,,106,127,,
118,171,165,141,,,107,129,,
114,171,166,140,,,109,131,,
110,172,166,136,,,109,132,,
109,173,165,134,,,108,133,,
110,174,165,134,,,106,135,,
110,174,166,134,,,105,137,,
109,175,166,132,,,106,138,,
109,174,166,133,,,112,137,,
108,175,167,135,,,113,137,,
109,174,167,135,,,111,137,,
113,174,166,133,,,109,136,,
113,173,166,128,,,109,136,,
108,174,165,126,,,107,135,,
108,175,165,128,,,105,135,,
112,175,167,130,,,105,134,,
113,175,167,130,,,105,133,,
115,175,166,132,,,104,133,,
117,176,166,133,,,107,132,,
120,176,167,134,,,110,132,,
121,176,167,134,,,110,131,,
124,176,167,133,,,109,131,,
127,176,166,131,,,111,133,,
131,176,166,130,,,111,134,,
132,176,167,130,,,105,135,,
130,176,166,129,,,100,135,,
131,176,164,129,,,97,135,,
133,175,165,130,,,95,135,,
133,174,165,131,,,96,136,,
132,173,166,132,,,103,135,,
132,173,167,134,,,107,135,,
130,174,167,137,,,107,133,,
129,176,167,138,,,105,132,,
125,177,167,138,,,106,132,,
124,177,167,139,,,105,132,,
122,177,168,139,,,105,132,,
122,177,169,140,,,109,131,,
122,178,168,140,,,112,131,,
122,178,166,140,,,110,131,,
126,179,165,138,,,102,131,,
126,179,165,137,,,96,130,,
124,179,166,131,,,96,130,,
124,179,166,127,,,97,130,,
125,179,165,128,,,94,129,,
126,179,166,131,,,94,128,,
126,179,167,133,,,95,129,,
127,179,167,133,,,99,129,,
126,180,168,133,,,99,128,,
127,180,169,132,,,98,128,,
129,180,169,130,,,99,127,,
130,180,169,130,,,98,123,,
132,180,167,130,,,99,118,,
132,180,167,131,,,100,113,,
131,180,168,134,,,102,110,,
132,180,168,135,,,101,109,,
131,179,168,136,,,99,109,,
131,179,168,137,,,101,112,,
131,179,168,139,,,106,113,,
132,180,167,141,,,116,112,,
132,180,167,142,,,119,106,,
132,180,167,144,,,126,104,,
131,179,110,145,,,128,102,,
130,178,111,146,,,132,100,,
128,178,113,147,,,132,101,,
127,179,116,147,,,133,101,,
126,180,121,148,,,134,98,,
124,179,126,147,,,135,96,,
120,178,131,145,,,136,94,,
119,178,134,142,,,140,97,,
114,178,136,140,,,143,104,,
112,178,139,136,,,148,110,,
115,177,142,130,,,149,115,,
116,176,145,127,,,146,118,,
116,176,148,126,,,143,118,,
114,177,150,126,,,141,116,,
114,177,151,125,,,139,116,,
116,177,151,124,,,134,117,,
122,177,154,123,,,134,121,,
124,176,158,120,,,132,123,,
126,175,161,118,,,132,124,,
126,175,163,120,,,129,124,,
124,174,165,125,,,129,123,,
125,174,166,129,,,124,124,,
128,174,167,131,,,117,128,,
128,175,167,132,,,103,131,,
128,176,167,129,,,102,130,,
128,175,167,124,,,100,130,,
130,175,167,125,,,100,131,,
129,174,169,128,,,94,131,,
126,173,171,130,,,94,129,,
126,173,173,130,,,94,128,,
126,173,174,130,,,105,127,,
126,174,174,131,,,116,126,,
125,174,174,131,,,111,126,,
125,174,174,132,,,102,127,,
127,174,173,132,,,103,128,,
128,172,174,133,,,104,129,,
125,172,175,135,,,101,131,,
123,172,176,135,,,97,132,,
122,173,176,135,,,95,134,,
119,174,178,135,,,90,135,,
115,174,178,136,,,94,136,,
113,174,179,136,,,93,136,,
101,174,178,134,,,91,135,,
101,174,178,133,,,87,135,,
101,174,178,131,,,89,136,,
100,175,178,129,,,89,138,,
93,175,177,126,,,90,139,,
96,175,177,123,,,90,140,,
101,175,176,121,,,92,139,,
105,175,176,115,,,102,138,,
107,175,175,113,,,101,139,,
109,174,174,115,,,97,139,,
108,175,174,118,,,97,139,,
106,176,174,118,,,96,139,,
104,177,173,117,,,96,141,,
103,177,173,116,,,96,142,,
106,178,174,116,,,96,143,,
110,179,177,117,,,78,144,,
111,178,178,118,,,74,146,,
107,179,179,119,,,74,148,,
104,179,179,120,,,75,149,,
103,180,180,120,,,83,150,,
104,180,180,120,,,90,150,,
105,180,179,121,,,95,149,,
106,181,177,122,,,94,149,,
107,181,175,119,,,88,148,,
110,181,175,117,,,88,147,,
113,181,174,120,,,88,146,,
118,181,175,123,,,88,145,,
121,181,175,127,,,86,144,,
123,181,176,128,,,86,144,,
124,181,177,129,,,86,144,,
125,181,177,129,,,83,144,,
125,182,177,129,,,87,144,,
125,181,177,128,,,90,144,,
125,182,178,128,,,106,144,,
124,182,179,129,,,106,145,,
124,182,179,130,,,105,146,,
124,182,180,131,,,105,146,,
124,181,180,132,,,93,146,,
125,181,180,131,,,93,146,,
126,182,179,101,,,92,147,,
127,181,179,101,,,95,148,,
127,181,178,103,,,97,148,,
125,180,178,105,,,99,149,,
123,181,178,109,,,100,149,,
121,181,177,109,,,101,149,,
121,181,177,110,,,103,149,,
122,181,178,110,,,107,149,,
122,180,177,108,,,109,148,,
124,180,176,108,,,109,147,,
124,179,174,111,,,105,147,,
124,179,174,113,,,98,147,,
122,179,174,115,,,95,148,,
122,179,173,116,,,95,149,,
125,179,176,115,,,96,152,,
128,179,177,115,,,96,154,,
128,179,180,113,,,93,155,,
129,179,182,112,,,92,156,,
131,178,181,111,,,93,156,,
133,179,180,111,,,93,156,,
134,179,181,113,,,93,156,,
132,179,181,116,,,93,157,,
130,179,180,117,,,93,157,,
130,179,179,116,,,93,155,,
130,179,179,115,,,93,154,,
131,180,179,115,,,93,150,,
130,180,179,115,,,93,149,,
130,180,180,116,,,93,148,,
128,,180,116,,,93,147,,
125,,180,116,,,93,146,,
125,,179,116,,,93,145,,
125,,178,114,,,93,145,,
124,,178,109,,,93,144,,
125,,178,106,,,89,143,,
126,,179,102,,,88,143,,
126,,180,100,,,89,144,,
126,,181,98,,,89,146,,
124,,182,99,,,91,147,,
124,,184,102,,,94,149,,
122,,184,103,,,97,150,,
122,,183,106,,,96,151,,
125,,182,107,,,94,152,,
125,,180,108,,,81,153,,
123,,179,107,,,79,153,,
121,,178,103,,,78,153,,
119,,178,103,,,78,152,,
117,,177,107,,,81,153,,
112,,177,109,,,81,154,,
109,,175,109,,,84,154,,
107,,175,109,,,85,155,,
109,,175,110,,,85,156,,
112,,174,111,,,85,156,,
113,,174,115,,,74,155,,
112,,175,116,,,72,154,,
107,,175,118,,,75,153,,
104,,175,120,,,80,151,,
104,,176,122,,,84,150,,
107,,177,123,,,89,151,,
109,,178,125,,,96,151,,
112,,179,128,,,102,151,,
116,,179,130,,,100,152,,
119,,178,130,,,95,152,,
119,,177,129,,,91,151,,
120,,177,129,,,86,150,,
120,,176,131,,,86,148,,
122,,176,133,,,85,145,,
124,,175,135,,,85,143,,
124,,175,136,,,82,144,,
123,,174,136,,,82,145,,
122,,174,136,,,82,144,,
122,,174,134,,,82,139,,
122,,173,134,,,82,135,,
121,,173,134,,,78,133,,
119,,172,134,,,78,128,,
118,,173,132,,,91,123,,
115,,173,131,,,106,121,,
114,,176,131,,,114,118,,
111,,176,130,,,116,116,,
109,,178,129,,,111,115,,
110,,179,129,,,105,112,,
110,,180,131,,,103,109,,
107,,179,132,,,103,107,,
107,,178,132,,,105,105,,
108,,129,131,,,110,104,,
110,,134,132,,,117,105,,
112,,138,134,,,123,109,,
112,,138,133,,,126,113,,
111,,139,132,,,127,115,,
108,,139,132,,,127,118,,
107,,143,133,,,128,122,,
106,,145,133,,,130,125,,
104,,148,133,,,132,128,,
102,,151,133,,,133,131,,
102,,157,134,,,133,135,,
108,,158,134,,,134,140,,
107,,159,134,,,135,144,,
104,,159,134,,,135,147,,
99,,160,133,,,135,149,,
97,,162,134,,,134,150,,
98,,165,134,,,132,148,,
100,,166,133,,,131,147,,
101,,167,133,,,131,147,,
100,,167,134,,,131,148,,
95,,167,134,,,133,151,,
95,,166,134,,,135,154,,
95,,167,135,,,135,156,,
95,,167,136,,,135,158,,
95,,169,136,,,135,158,,
95,,169,135,,,137,157,,
95,,171,134,,,138,156,,
97,,171,133,,,138,155,,
100,,171,133,,,138,155,,
105,,171,132,,,138,155,,
107,,170,131,,,138,157,,
107,,170,127,,,138,159,,
108,,170,125,,,138,160,,
107,,171,123,,,139,160,,
107,,172,123,,,141,160,,
108,,173,121,,,142,161,,
110,,174,118,,,143,162,,
110,,174,121,,,142,162,,
111,,174,123,,,142,162,,
112,,174,127,,,142,162,,
112,,176,128,,,143,163,,
111,,176,123,,,142,163,,
109,,177,117,,,140,163,,
110,,177,115,,,135,163,,
110,,177,115,,,135,164,,
109,,177,116,,,135,165,,
108,,176,116,,,137,163,,
107,,176,117,,,138,161,,
105,,176,118,,,139,159,,
101,,176,120,,,140,158,,
98,,175,120,,,140,158,,
96,,176,121,,,133,160,,
96,,176,122,,,125,161,,
95,,176,122,,,125,162,,
93,,177,121,,,129,163,,
93,,177,120,,,127,163,,
95,,177,120,,,116,163,,
97,,178,118,,,112,163,,
98,,178,118,,,114,164,,
108,,177,118,,,112,164,,
117,,177,118,,,106,165,,
124,,177,118,,,103,165,,
125,,178,117,,,106,163,,
124,,178,117,,,105,163,,
119,,175,117,,,103,162,,
119,,174,117,,,101,163,,
123,,173,117,,,104,164,,
122,,173,117,,,107,165,,
119,,173,117,,,113,166,,
116,,173,117,,,118,166,,
115,,174,117,,,123,166,,
113,,173,116,,,131,167,,
100,,173,116,,,135,166,,
101,,173,116,,,139,165,,
99,,172,115,,,144,165,,
106,,172,113,,,149,166,,
102,,171,112,,,152,166,,
99,,171,113,,,154,165,,
97,,171,115,,,157,165,,
99,,171,117,,,160,163,,
107,,173,117,,,162,162,,
112,,174,115,,,163,162,,
112,,176,114,,,163,163,,
110,,177,114,,,163,163,,
109,,178,114,,,162,162,,
110,,179,111,,,162,161,,
111,,179,109,,,161,160,,
109,,180,106,,,162,159,,
107,,181,105,,,164,158,,
107,,182,103,,,166,158,,
106,,182,102,,,167,158,,
107,,182,100,,,168,158,,
108,,182,100,,,168,160,,
109,,182,99,,,168,161,,
108,,183,99,,,168,162,,
108,,183,98,,,169,162,,
107,,183,97,,,169,163,,
107,,184,98,,,170,163,,
107,,184,100,,,171,163,,
108,,185,103,,,172,163,,
109,,185,104,,,173,162,,
109,,185,104,,,173,161,,
108,,185,105,,,173,160,,
107,,185,110,,,173,160,,
104,,186,113,,,173,163,,
103,,187,117,,,174,164,,
103,,187,117,,,174,164,,
103,,187,117,,,174,165,,
104,,187,118,,,174,166,,
106,,187,119,,,173,167,,
105,,187,119,,,173,168,,
106,,187,118,,,173,169,,
106,,187,118,,,174,170,,
105,,187,115,,,174,170,,
105,,187,115,,,174,170,,
102,,186,113,,,174,170,,
101,,186,110,,,176,170,,
100,,186,108,,,176,171,,
102,,186,107,,,177,170,,
103,,186,103,,,177,168,,
100,,186,101,,,177,167,,
94,,186,100,,,176,166,,
89,,186,99,,,176,166,,
94,,185,98,,,176,166,,
97,,185,97,,,176,167,,
99,,185,94,,,175,167,,
97,,186,92,,,174,167,,
95,,187,87,,,174,167,,
92,,186,86,,,174,165,,
92,,185,83,,,173,164,,
93,,186,83,,,173,164,,
95,,186,88,,,173,162,,
96,,187,92,,,172,162,,
94,,187,101,,,173,163,,
90,,187,108,,,173,164,,
89,,189,114,,,174,164,,
86,,190,115,,,175,166,,
81,,190,113,,,175,168,,
81,,190,112,,,174,171,,
80,,190,110,,,174,174,,
81,,190,110,,,174,176,,
85,,190,109,,,175,176,,
93,,190,109,,,175,177,,
96,,190,110,,,175,176,,
98,,190,111,,,175,176,,
101,,190,110,,,175,175,,
109,,189,107,,,176,174,,
115,,189,100,,,178,173,,
119,,189,99,,,178,173,,
119,,189,98,,,178,174,,
117,,189,97,,,178,175,,
116,,189,95,,,178,175,,
118,,189,95,,,179,175,,
120,,189,94,,,180,175,,
122,,189,94,,,180,175,,
123,,189,98,,,180,175,,
127,,189,102,,,180,176,,
133,,190,103,,,180,176,,
136,,189,100,,,180,176,,
138,,190,94,,,180,176,,
139,,190,93,,,180,176,,
139,,190,91,,,180,177,,
139,,191,90,,,180,177,,
140,,191,87,,,180,178,,
139,,191,87,,,181,178,,
139,,191,91,,,181,179,,
139,,191,94,,,181,180,,
140,,191,103,,,180,180,,
141,,190,103,,,180,177,,
143,,190,103,,,180,175,,
144,,190,101,,,181,173,,
145,,190,97,,,181,173,,
146,,189,96,,,181,173,,
147,,189,97,,,181,172,,
147,,185,97,,,180,170,,
148,,184,94,,,180,169,,
148,,184,93,,,180,167,,
148,,184,91,,,181,167,,
148,,184,90,,,181,166,,
147,,182,86,,,181,164,,
147,,180,86,,,180,164,,
147,,180,85,,,179,165,,
148,,178,84,,,180,166,,
147,,178,85,,,181,165,,
146,,176,84,,,181,164,,
146,,175,84,,,181,163,,
146,,173,86,,,181,163,,
146,,173,85,,,181,164,,
146,,171,86,,,181,164,,
146,,171,89,,,181,165,,
145,,171,88,,,181,166,,
146,,171,90,,,181,167,,
147,,170,90,,,181,167,,
148,,169,88,,,181,168,,
150,,171,87,,,180,169,,
152,,171,86,,,179,170,,
154,,170,86,,,179,169,,
154,,170,87,,,179,168,,
154,,170,89,,,179,168,,
152,,169,90,,,178,168,,
148,,169,95,,,177,167,,
147,,168,100,,,177,166,,
147,,169,101,,,177,164,,
148,,169,101,,,178,163,,
148,,170,101,,,178,162,,
146,,170,101,,,178,160,,
145,,170,104,,,178,160,,
145,,170,107,,,179,160,,
146,,170,107,,,179,162,,
146,,171,107,,,179,162,,
142,,172,106,,,179,163,,
141,,172,104,,,180,165,,
141,,173,104,,,181,166,,
141,,173,108,,,182,168,,
142,,175,108,,,182,169,,
143,,175,105,,,183,169,,
145,,176,102,,,183,168,,
146,,176,100,,,183,167,,
146,,176,101,,,182,165,,
146,,175,104,,,182,164,,
145,,174,104,,,182,164,,
143,,174,102,,,183,165,,
142,,172,100,,,183,164,,
142,,173,98,,,184,164,,
142,,172,92,,,183,165,,
144,,172,86,,,183,165,,
145,,172,85,,,183,164,,
146,,172,84,,,181,164,,
147,,172,84,,,181,164,,
147,,173,82,,,180,165,,
147,,173,81,,,180,165,,
147,,173,83,,,180,170,,
147,,173,84,,,179,171,,
148,,173,89,,,180,171,,
148,,172,91,,,180,172,,
149,,171,92,,,181,171,,
149,,171,93,,,181,170,,
149,,171,94,,,181,169,,
149,,169,94,,,181,169,,
150,,169,89,,,181,169,,
151,,169,84,,,181,170,,
151,,169,76,,,180,172,,
150,,167,78,,,180,175,,
151,,166,88,,,181,177,,
151,,165,94,,,181,178,,
151,,165,101,,,182,179,,
151,,163,102,,,182,180,,
152,,163,107,,,182,180,,
153,,161,110,,,181,180,,
155,,161,114,,,180,180,,
155,,161,116,,,180,180,,
157,,161,122,,,180,179,,
159,,160,124,,,180,179,,
160,,160,126,,,181,178,,
162,,162,127,,,181,177,,
163,,162,132,,,182,177,,
164,,163,134,,,182,177,,
165,,164,139,,,181,177,,
166,,164,141,,,181,177,,
166,,165,144,,,180,176,,
165,,168,144,,,180,176,,
165,,169,141,,,179,176,,
166,,172,140,,,179,177,,
166,,174,139,,,178,176,,
165,,174,140,,,178,177,,
164,,174,142,,,176,177,,
163,,175,143,,,176,177,,
163,,175,145,,,175,177,,
162,,174,145,,,176,177,,
162,,173,144,,,176,178,,
161,,172,144,,,176,178,,
160,,172,145,,,176,179,,
160,,172,146,,,177,179,,
161,,172,149,,,176,179,,
162,,172,149,,,176,180,,
163,,172,148,,,177,180,,
163,,171,147,,,177,179,,
161,,170,146,,,178,179,,
160,,169,145,,,178,179,,
160,,168,145,,,180,179,,
161,,169,145,,,181,179,,
163,,168,146,,,181,179,,
164,,168,146,,,181,179,,
164,,169,144,,,181,178,,
163,,168,144,,,181,179,,
163,,167,144,,,181,180,,
162,,168,144,,,181,180,,
163,,169,144,,,182,180,,
163,,170,143,,,182,179,,
163,,171,142,,,183,180,,
163,,171,142,,,183,180,,
163,,172,143,,,182,180,,
162,,172,142,,,182,181,,
161,,173,141,,,181,181,,
161,,175,140,,,181,182,,
163,,176,140,,,181,182,,
162,,176,139,,,181,182,,
162,,177,138,,,182,182,,
162,,178,138,,,182,182,,
163,,179,138,,,181,182,,
165,,180,139,,,181,183,,
166,,179,137,,,183,183,,
166,,179,138,,,183,184,,
167,,179,142,,,183,184,,
168,,178,143,,,182,184,,
168,,177,145,,,182,184,,
168,,174,146,,,182,184,,
167,,173,150,,,182,184,,
167,,174,151,,,182,184,,
166,,174,151,,,182,183,,
164,,175,148,,,183,183,,
163,,175,146,,,183,183,,
161,,175,145,,,183,183,,
159,,,145,,,183,182,,
158,,,145,,,183,182,,
155,,,147,,,183,182,,
154,,,147,,,183,182,,
152,,,148,,,183,183,,
151,,,148,,,183,183,,
151,,,149,,,182,183,,
151,,,151,,,183,183,,
150,,,151,,,183,183,,
151,,,149,,,183,183,,
154,,,145,,,183,183,,
155,,,144,,,182,183,,
156,,,144,,,182,184,,
157,,,144,,,182,184,,
159,,,146,,,181,184,,
160,,,147,,,180,184,,
161,,,149,,,180,185,,
162,,,150,,,180,185,,
162,,,151,,,180,184,,
164,,,152,,,180,184,,
166,,,150,,,180,184,,
166,,,149,,,180,183,,
166,,,148,,,180,183,,
167,,,149,,,180,184,,
168,,,148,,,180,185,,
170,,,148,,,179,186,,
172,,,148,,,178,187,,
173,,,148,,,178,188,,
173,,,149,,,177,188,,
173,,,149,,,177,189,,
173,,,148,,,178,189,,
173,,,147,,,178,188,,
173,,,148,,,178,188,,
173,,,149,,,178,188,,
173,,,150,,,177,188,,
174,,,149,,,176,188,,
175,,,149,,,176,187,,
177,,,149,,,176,186,,
179,,,149,,,175,186,,
180,,,149,,,175,185,,
181,,,150,,,175,185,,
181,,,150,,,175,185,,
181,,,150,,,177,185,,
180,,,151,,,178,185,,
179,,,150,,,180,184,,
179,,,150,,,180,184,,
180,,,149,,,180,184,,
180,,,147,,,180,184,,
179,,,149,,,180,183,,
177,,,151,,,180,182,,
175,,,150,,,181,182,,
174,,,148,,,181,182,,
173,,,144,,,181,181,,
172,,,141,,,181,181,,
172,,,138,,,181,180,,
170,,,135,,,181,181,,
169,,,133,,,181,180,,
169,,,130,,,181,180,,
169,,,128,,,180,180,,
169,,,127,,,180,180,,
169,,,125,,,180,180,,
167,,,124,,,179,180,,
165,,,125,,,179,181,,
164,,,128,,,180,181,,
163,,,131,,,180,181,,
163,,,132,,,180,180,,
162,,,133,,,180,180,,
160,,,133,,,180,180,,
158,,,134,,,180,179,,
155,,,134,,,179,179,,
155,,,134,,,179,180,,
156,,,135,,,179,180,,
156,,,138,,,179,179,,
155,,,140,,,179,179,,
155,,,142,,,179,179,,
155,,,143,,,179,179,,
155,,,146,,,179,179,,
154,,,147,,,179,179,,
153,,,147,,,180,179,,
152,,,146,,,180,179,,
150,,,144,,,180,179,,
150,,,144,,,181,179,,
150,,,144,,,181,179,,
152,,,144,,,181,180,,
158,,,145,,,180,180,,
157,,,145,,,181,180,,
156,,,146,,,181,179,,
157,,,146,,,181,179,,
158,,,148,,,182,179,,
157,,,147,,,182,179,,
157,,,146,,,181,179,,
157,,,146,,,181,179,,
156,,,148,,,182,178,,
154,,,150,,,182,177,,
152,,,152,,,181,177,,
152,,,153,,,181,176,,
152,,,155,,,181,175,,
153,,,155,,,181,175,,
152,,,158,,,181,175,,
151,,,159,,,180,174,,
153,,,158,,,179,174,,
154,,,158,,,179,174,,
154,,,159,,,179,174,,
153,,,158,,,179,174,,
153,,,156,,,179,174,,
154,,,155,,,179,174,,
155,,,153,,,179,174,,
156,,,151,,,178,175,,
156,,,149,,,178,175,,
156,,,148,,,178,176,,
157,,,145,,,178,177,,
161,,,144,,,178,177,,
161,,,143,,,178,179,,
160,,,142,,,178,180,,
160,,,142,,,178,180,,
161,,,142,,,177,180,,
162,,,142,,,178,180,,
163,,,141,,,178,180,,
164,,,140,,,179,179,,
163,,,141,,,180,179,,
162,,,142,,,180,178,,
162,,,142,,,180,179,,
162,,,141,,,181,178,,
161,,,140,,,182,178,,
161,,,139,,,182,178,,
161,,,138,,,181,178,,
159,,,138,,,180,178,,
157,,,138,,,180,177,,
158,,,137,,,179,177,,
158,,,138,,,179,177,,
156,,,141,,,178,177,,
156,,,142,,,177,177,,
157,,,142,,,177,177,,
158,,,141,,,177,177,,
158,,,141,,,178,177,,
158,,,141,,,178,178,,
158,,,141,,,178,178,,
159,,,140,,,179,178,,
160,,,139,,,179,178,,
161,,,138,,,179,177,,
162,,,136,,,179,176,,
162,,,136,,,179,175,,
163,,,136,,,179,175,,
164,,,137,,,180,175,,
166,,,139,,,180,176,,
166,,,140,,,180,176,,
166,,,143,,,180,177,,
166,,,144,,,181,177,,
168,,,147,,,181,177,,
168,,,149,,,181,177,,
166,,,148,,,181,177,,
164,,,147,,,180,177,,
163,,,147,,,180,178,,
162,,,146,,,180,178,,
161,,,147,,,181,178,,
161,,,148,,,182,178,,
161,,,148,,,182,177,,
161,,,148,,,182,176,,
162,,,148,,,182,175,,
164,,,148,,,183,174,,
166,,,148,,,182,174,,
168,,,149,,,182,174,,
167,,,150,,,181,175,,
164,,,151,,,181,176,,
163,,,151,,,180,177,,
165,,,151,,,180,178,,
167,,,151,,,179,178,,
165,,,150,,,180,178,,
163,,,150,,,180,179,,
162,,,150,,,180,179,,
161,,,149,,,181,179,,
162,,,148,,,181,180,,
161,,,148,,,181,180,,
160,,,149,,,181,180,,
159,,,149,,,180,180,,
159,,,148,,,180,180,,
159,,,149,,,179,180,,
160,,,149,,,180,180,,
160,,,150,,,180,179,,
159,,,150,,,181,179,,
158,,,151,,,180,179,,
158,,,151,,,180,179,,
159,,,152,,,181,179,,
161,,,151,,,182,178,,
164,,,151,,,183,178,,
165,,,151,,,183,177,,
166,,,151,,,184,177,,
166,,,151,,,183,177,,
166,,,150,,,184,178,,
167,,,150,,,185,179,,
167,,,149,,,185,179,,
166,,,149,,,185,180,,
165,,,151,,,184,180,,
165,,,152,,,183,181,,
165,,,153,,,182,181,,
167,,,154,,,182,180,,
168,,,155,,,182,180,,
170,,,155,,,181,181,,
171,,,155,,,181,181,,
172,,,155,,,181,181,,
173,,,155,,,180,181,,
172,,,156,,,180,182,,
172,,,157,,,180,183,,
171,,,157,,,180,183,,
170,,,158,,,178,183,,
169,,,158,,,177,183,,
169,,,158,,,176,183,,
168,,,158,,,175,183,,
167,,,158,,,171,183,,
166,,,157,,,170,182,,
166,,,156,,,169,182,,
165,,,156,,,168,181,,
163,,,155,,,166,181,,
163,,,154,,,166,181,,
164,,,154,,,166,180,,
165,,,154,,,166,180,,
166,,,154,,,166,180,,
168,,,153,,,166,180,,
170,,,153,,,165,180,,
172,,,153,,,165,180,,
173,,,156,,,163,180,,
174,,,158,,,162,179,,
174,,,157,,,159,179,,
175,,,156,,,158,180,,
176,,,155,,,156,181,,
176,,,155,,,155,181,,
177,,,154,,,154,182,,
177,,,154,,,153,182,,
177,,,153,,,150,182,,
177,,,153,,,148,181,,
177,,,154,,,146,180,,
177,,,155,,,145,179,,
178,,,156,,,144,179,,
177,,,156,,,143,178,,
176,,,157,,,143,176,,
175,,,157,,,142,173,,
173,,,158,,,141,171,,
173,,,157,,,140,165,,
174,,,156,,,139,165,,
174,,,156,,,139,163,,
175,,,154,,,138,162,,
177,,,153,,,138,159,,
178,,,153,,,139,159,,
179,,,153,,,140,159,,
179,,,154,,,140,160,,
179,,,154,,,139,162,,
179,,,154,,,138,163,,
179,,,153,,,138,164,,
180,,,152,,,135,164,,
180,,,152,,,134,164,,
181,,,154,,,132,164,,
181,,,154,,,133,166,,
182,,,154,,,137,167,,
183,,,154,,,139,168,,
184,,,156,,,139,169,,
184,,,157,,,137,170,,
182,,,159,,,133,171,,
181,,,159,,,133,172,,
180,,,159,,,133,172,,
179,,,158,,,132,172,,
178,,,158,,,129,172,,
178,,,158,,,129,173,,
177,,,158,,,130,173,,
176,,,159,,,130,173,,
175,,,159,,,131,174,,
175,,,159,,,131,174,,
175,,,160,,,132,174,,
175,,,161,,,131,176,,
175,,,161,,,132,177,,
176,,,161,,,133,177,,
176,,,162,,,135,177,,
176,,,164,,,135,177,,
175,,,165,,,128,176,,
176,,,165,,,125,176,,
176,,,164,,,127,175,,
177,,,164,,,127,174,,
178,,,164,,,125,174,,
180,,,164,,,124,174,,
180,,,163,,,124,175,,
180,,,162,,,124,175,,
179,,,160,,,122,176,,
179,,,160,,,121,176,,
180,,,160,,,121,175,,
181,,,160,,,121,175,,
182,,,161,,,122,175,,
182,,,161,,,121,174,,
182,,,161,,,115,175,,
181,,,161,,,115,176,,
181,,,161,,,120,176,,
181,,,160,,,122,176,,
182,,,157,,,124,176,,
183,,,157,,,126,177,,
183,,,157,,,130,177,,
183,,,156,,,133,177,,
183,,,156,,,140,178,,
183,,,156,,,144,179,,
183,,,156,,,146,179,,
182,,,156,,,148,180,,
182,,,155,,,150,180,,
183,,,154,,,152,180,,
182,,,154,,,153,180,,
181,,,155,,,155,180,,
182,,,156,,,157,180,,
183,,,157,,,159,180,,
183,,,159,,,161,180,,
184,,,159,,,164,180,,
184,,,157,,,165,181,,
184,,,156,,,165,181,,
184,,,155,,,166,181,,
184,,,155,,,166,181,,
183,,,156,,,165,182,,
183,,,157,,,165,182,,
183,,,157,,,165,182,,
183,,,158,,,166,182,,
182,,,158,,,167,181,,
182,,,158,,,168,180,,
183,,,160,,,169,180,,
183,,,161,,,170,180,,
182,,,162,,,171,179,,
182,,,163,,,171,179,,
182,,,165,,,172,178,,
183,,,170,,,173,178,,
184,,,172,,,174,178,,
184,,,173,,,174,177,,
184,,,173,,,174,177,,
184,,,172,,,175,178,,
184,,,171,,,175,179,,
184,,,170,,,175,179,,
183,,,169,,,174,180,,
184,,,168,,,173,180,,
184,,,166,,,173,180,,
184,,,165,,,173,179,,
184,,,165,,,172,180,,
185,,,165,,,172,180,,
185,,,164,,,171,180,,
186,,,163,,,172,179,,
186,,,162,,,173,179,,
186,,,161,,,174,178,,
186,,,157,,,174,177,,
185,,,155,,,175,177,,
185,,,156,,,175,177,,
186,,,156,,,175,178,,
186,,,156,,,175,178,,
186,,,155,,,174,178,,
186,,,156,,,174,178,,
186,,,156,,,175,178,,
185,,,157,,,176,178,,
186,,,157,,,176,177,,
185,,,157,,,177,177,,
186,,,156,,,177,177,,
186,,,156,,,178,177,,
185,,,156,,,178,178,,
185,,,156,,,178,178,,
185,,,157,,,179,179,,
184,,,159,,,179,180,,
184,,,160,,,180,180,,
183,,,161,,,180,180,,
182,,,161,,,181,180,,
181,,,160,,,180,180,,
180,,,160,,,179,180,,
180,,,159,,,180,179,,
180,,,157,,,181,179,,
180,,,157,,,181,179,,
179,,,157,,,181,179,,
177,,,157,,,180,178,,
176,,,157,,,180,177,,
175,,,158,,,180,177,,
174,,,159,,,181,177,,
173,,,158,,,181,177,,
172,,,158,,,182,178,,
172,,,156,,,183,178,,
171,,,156,,,183,178,,
169,,,155,,,183,177,,
166,,,154,,,182,177,,
164,,,154,,,182,177,,
164,,,155,,,182,177,,
164,,,156,,,182,177,,
165,,,157,,,182,177,,
165,,,157,,,182,177,,
165,,,157,,,181,178,,
165,,,157,,,181,177,,
163,,,156,,,181,177,,
160,,,156,,,180,176,,
157,,,156,,,181,176,,
157,,,159,,,181,176,,
159,,,160,,,180,176,,
161,,,161,,,180,176,,
163,,,161,,,178,176,,
164,,,159,,,177,177,,
164,,,159,,,176,177,,
163,,,156,,,176,178,,
161,,,156,,,176,178,,
159,,,157,,,176,178,,
158,,,157,,,176,178,,
157,,,159,,,175,179,,
157,,,159,,,174,178,,
157,,,162,,,174,179,,
157,,,162,,,172,179,,
154,,,160,,,172,179,,
150,,,160,,,173,179,,
147,,,160,,,173,179,,
147,,,160,,,173,178,,
147,,,161,,,173,178,,
146,,,162,,,172,178,,
146,,,162,,,172,179,,
147,,,162,,,172,179,,
146,,,161,,,172,178,,
146,,,161,,,172,178,,
146,,,160,,,173,178,,
146,,,160,,,174,178,,
144,,,160,,,175,179,,
143,,,161,,,175,179,,
141,,,160,,,176,179,,
141,,,160,,,176,179,,
142,,,160,,,177,178,,
142,,,161,,,177,177,,
143,,,160,,,177,177,,
145,,,160,,,178,177,,
145,,,159,,,178,177,,
146,,,159,,,178,177,,
147,,,159,,,178,176,,
147,,,160,,,178,176,,
149,,,161,,,178,177,,
150,,,161,,,179,177,,
151,,,162,,,180,177,,
152,,,162,,,181,178,,
154,,,162,,,181,178,,
156,,,163,,,182,179,,
160,,,163,,,182,179,,
164,,,162,,,183,179,,
168,,,163,,,183,178,,
169,,,163,,,183,177,,
170,,,162,,,183,177,,
171,,,162,,,183,177,,
172,,,160,,,184,176,,
174,,,157,,,184,176,,
174,,,156,,,184,175,,
174,,,155,,,183,175,,
174,,,154,,,183,176,,
175,,,154,,,183,176,,
176,,,156,,,183,177,,
177,,,157,,,184,178,,
176,,,157,,,184,179,,
175,,,157,,,184,179,,
175,,,158,,,183,179,,
174,,,158,,,181,179,,
174,,,158,,,180,179,,
174,,,159,,,179,179,,
174,,,159,,,179,180,,
174,,,158,,,179,180,,
173,,,157,,,179,181,,
173,,,157,,,179,181,,
174,,,159,,,179,180,,
174,,,160,,,180,181,,
175,,,161,,,180,181,,
175,,,161,,,180,181,,
174,,,160,,,181,181,,
174,,,159,,,180,181,,
174,,,159,,,180,180,,
174,,,159,,,179,180,,
174,,,159,,,179,180,,
174,,,159,,,179,180,,
174,,,160,,,178,180,,
174,,,160,,,178,179,,
174,,,162,,,177,179,,
174,,,164,,,177,179,,
175,,,166,,,177,178,,
176,,,166,,,177,178,,
177,,,165,,,177,177,,
175,,,164,,,177,177,,
174,,,164,,,176,176,,
173,,,163,,,175,176,,
174,,,163,,,176,176,,
174,,,163,,,175,176,,
176,,,164,,,176,177,,
175,,,164,,,176,177,,
174,,,164,,,177,176,,
174,,,164,,,178,176,,
174,,,165,,,178,175,,
173,,,165,,,178,175,,
173,,,166,,,179,175,,
173,,,166,,,179,175,,
171,,,166,,,179,175,,
171,,,165,,,180,175,,
170,,,164,,,180,176,,
170,,,163,,,179,177,,
170,,,163,,,179,176,,
170,,,163,,,179,176,,
170,,,162,,,179,177,,
169,,,161,,,180,177,,
168,,,161,,,180,177,,
167,,,160,,,181,177,,
167,,,160,,,181,178,,
169,,,160,,,182,178,,
169,,,161,,,182,179,,
169,,,162,,,183,180,,
167,,,161,,,183,179,,
165,,,161,,,183,179,,
163,,,157,,,183,178,,
160,,,156,,,182,177,,
158,,,155,,,183,176,,
156,,,154,,,183,176,,
153,,,151,,,183,176,,
152,,,150,,,184,177,,
152,,,153,,,184,177,,
152,,,154,,,184,177,,
152,,,154,,,184,176,,
151,,,152,,,184,175,,
150,,,148,,,184,175,,
150,,,147,,,184,175,,
150,,,149,,,184,175,,
151,,,150,,,184,175,,
151,,,152,,,184,175,,
151,,,153,,,183,175,,
151,,,153,,,183,174,,
151,,,152,,,183,174,,
150,,,152,,,183,173,,
149,,,151,,,183,173,,
149,,,151,,,183,173,,
149,,,150,,,183,174,,
149,,,149,,,184,174,,
148,,,149,,,184,174,,
148,,,150,,,183,174,,
149,,,150,,,183,174,,
151,,,151,,,183,173,,
154,,,150,,,182,173,,
156,,,150,,,182,174,,
157,,,149,,,182,174,,
158,,,147,,,182,174,,
160,,,146,,,181,174,,
160,,,144,,,181,174,,
161,,,143,,,179,173,,
161,,,141,,,179,174,,
162,,,142,,,179,174,,
164,,,146,,,179,173,,
165,,,148,,,178,173,,
166,,,150,,,177,173,,
166,,,151,,,176,173,,
166,,,153,,,175,174,,
166,,,154,,,174,175,,
166,,,155,,,174,175,,
166,,,156,,,174,175,,
165,,,156,,,173,175,,
165,,,158,,,173,174,,
165,,,162,,,172,174,,
167,,,164,,,171,173,,
168,,,165,,,170,173,,
169,,,166,,,169,173,,
171,,,166,,,169,172,,
172,,,166,,,168,172,,
173,,,165,,,168,172,,
174,,,165,,,168,173,,
175,,,165,,,168,173,,
175,,,166,,,169,173,,
175,,,169,,,171,174,,
175,,,170,,,171,174,,
174,,,169,,,171,175,,
174,,,169,,,172,174,,
175,,,168,,,173,174,,
175,,,169,,,174,174,,
175,,,170,,,174,173,,
172,,,171,,,173,173,,
167,,,173,,,173,174,,
166,,,173,,,174,174,,
164,,,174,,,173,175,,
160,,,175,,,173,175,,
158,,,175,,,173,176,,
156,,,175,,,173,176,,
150,,,175,,,173,176,,
149,,,176,,,172,177,,
146,,,176,,,171,177,,
144,,,176,,,171,176,,
142,,,175,,,173,175,,
141,,,175,,,174,175,,
140,,,176,,,175,174,,
145,,,177,,,177,173,,
154,,,177,,,177,172,,
160,,,177,,,178,171,,
164,,,177,,,178,170,,
166,,,177,,,178,171,,
168,,,177,,,178,171,,
170,,,177,,,178,171,,
173,,,177,,,178,171,,
174,,,177,,,178,171,,
177,,,176,,,177,171,,
179,,,176,,,177,171,,
181,,,177,,,177,172,,
182,,,177,,,178,172,,
182,,,176,,,178,172,,
183,,,175,,,179,172,,
183,,,175,,,179,173,,
183,,,175,,,179,174,,
183,,,175,,,179,174,,
183,,,175,,,179,174,,
183,,,175,,,179,175,,
184,,,175,,,179,175,,
184,,,175,,,179,175,,
185,,,175,,,178,176,,
184,,,175,,,178,176,,
183,,,176,,,179,177,,
183,,,175,,,179,177,,
183,,,175,,,179,177,,
183,,,174,,,180,177,,
183,,,174,,,180,177,,
182,,,175,,,180,177,,
182,,,175,,,179,178,,
182,,,176,,,179,178,,
182,,,176,,,180,178,,
183,,,177,,,180,177,,
183,,,177,,,181,177,,
184,,,177,,,181,176,,
185,,,177,,,182,176,,
185,,,176,,,182,176,,
185,,,176,,,182,176,,
185,,,173,,,181,175,,
184,,,172,,,180,175,,
184,,,171,,,179,175,,
184,,,169,,,176,175,,
184,,,169,,,176,175,,
185,,,168,,,176,174,,
185,,,166,,,177,174,,
184,,,165,,,178,173,,
184,,,164,,,179,173,,
185,,,164,,,180,173,,
185,,,161,,,181,173,,
185,,,159,,,182,173,,
185,,,155,,,182,174,,
184,,,153,,,183,174,,
185,,,152,,,183,173,,
186,,,152,,,183,173,,
186,,,150,,,183,174,,
186,,,150,,,183,173,,
186,,,150,,,183,173,,
186,,,150,,,182,173,,
185,,,152,,,182,174,,
184,,,153,,,182,174,,
184,,,153,,,182,175,,
184,,,153,,,181,175,,
184,,,152,,,180,176,,
185,,,152,,,178,176,,
185,,,154,,,178,177,,
184,,,156,,,176,177,,
184,,,156,,,176,177,,
185,,,156,,,174,177,,
185,,,157,,,174,177,,
186,,,156,,,175,176,,
186,,,157,,,176,177,,
186,,,158,,,176,177,,
186,,,160,,,175,177,,
185,,,161,,,174,177,,
185,,,163,,,173,177,,
185,,,164,,,173,177,,
185,,,166,,,173,177,,
186,,,167,,,172,177,,
186,,,170,,,172,176,,
187,,,171,,,171,176,,
187,,,174,,,170,177,,
187,,,174,,,169,177,,
187,,,175,,,168,178,,
187,,,175,,,168,178,,
187,,,175,,,167,178,,
186,,,175,,,167,178,,
186,,,177,,,168,178,,
186,,,177,,,169,178,,
185,,,178,,,170,178,,
185,,,178,,,169,178,,
184,,,179,,,169,179,,
184,,,178,,,169,179,,
183,,,177,,,169,178,,
182,,,176,,,169,178,,
181,,,176,,,169,178,,
179,,,176,,,170,179,,
178,,,177,,,170,179,,
175,,,177,,,172,179,,
172,,,177,,,172,179,,
170,,,177,,,174,179,,
168,,,177,,,175,178,,
166,,,176,,,176,178,,
166,,,177,,,177,176,,
166,,,177,,,177,176,,
167,,,175,,,178,176,,
169,,,174,,,178,176,,
171,,,172,,,178,175,,
172,,,171,,,178,176,,
176,,,167,,,178,177,,
177,,,164,,,178,177,,
178,,,158,,,178,177,,
179,,,156,,,179,177,,
181,,,152,,,179,177,,
182,,,150,,,180,177,,
183,,,146,,,180,178,,
184,,,145,,,180,178,,
185,,,143,,,180,179,,
185,,,142,,,179,178,,
185,,,144,,,180,177,,
185,,,144,,,180,177,,
185,,,137,,,180,177,,
185,,,135,,,180,177,,
185,,,134,,,179,177,,
185,,,134,,,179,177,,
185,,,136,,,180,176,,
185,,,137,,,180,176,,
185,,,138,,,180,176,,
185,,,139,,,180,176,,
185,,,142,,,180,176,,
186,,,143,,,180,177,,
185,,,147,,,180,177,,
185,,,148,,,179,176,,
185,,,151,,,179,176,,
185,,,152,,,179,176,,
185,,,154,,,179,175,,
184,,,155,,,179,175,,
183,,,158,,,179,175,,
182,,,160,,,178,175,,
182,,,162,,,178,175,,
182,,,166,,,178,174,,
182,,,171,,,178,173,,
181,,,173,,,178,172,,
180,,,174,,,178,173,,
180,,,175,,,179,173,,
180,,,175,,,179,173,,
179,,,175,,,178,173,,
179,,,175,,,178,173,,
179,,,174,,,177,173,,
179,,,170,,,177,174,,
179,,,169,,,176,175,,
178,,,168,,,175,175,,
176,,,167,,,174,175,,
175,,,166,,,173,175,,
174,,,164,,,171,175,,
174,,,161,,,170,175,,
174,,,161,,,168,175,,
175,,,161,,,167,174,,
175,,,161,,,166,174,,
175,,,160,,,166,174,,
175,,,160,,,166,173,,
175,,,160,,,167,173,,
175,,,158,,,169,172,,
175,,,158,,,170,172,,
175,,,158,,,171,171,,
176,,,160,,,171,170,,
176,,,161,,,171,170,,
175,,,162,,,171,170,,
175,,,162,,,171,170,,
175,,,162,,,172,170,,
175,,,161,,,172,171,,
174,,,163,,,173,171,,
174,,,163,,,174,172,,
172,,,164,,,174,172,,
171,,,165,,,174,171,,
169,,,165,,,174,171,,
168,,,166,,,174,171,,
167,,,166,,,174,170,,
166,,,166,,,174,169,,
164,,,166,,,175,169,,
162,,,167,,,175,169,,
161,,,170,,,175,169,,
159,,,170,,,174,169,,
158,,,170,,,174,170,,
157,,,169,,,173,170,,
157,,,168,,,173,171,,
157,,,167,,,173,171,,
158,,,168,,,173,171,,
160,,,168,,,171,171,,
162,,,170,,,170,172,,
163,,,171,,,168,172,,
164,,,172,,,167,173,,
165,,,173,,,163,173,,
166,,,173,,,161,173,,
166,,,173,,,155,173,,
167,,,172,,,153,173,,
168,,,172,,,152,174,,
168,,,173,,,152,174,,
167,,,173,,,153,174,,
167,,,173,,,153,173,,
167,,,173,,,151,172,,
166,,,173,,,150,172,,
165,,,172,,,149,172,,
165,,,171,,,149,171,,
164,,,171,,,147,171,,
164,,,172,,,146,171,,
165,,,173,,,145,172,,
166,,,174,,,146,172,,
166,,,174,,,145,172,,
167,,,174,,,142,172,,
168,,,176,,,139,172,,
169,,,175,,,138,173,,
169,,,174,,,137,173,,
170,,,173,,,137,172,,
171,,,171,,,131,172,,
172,,,170,,,125,172,,
173,,,169,,,123,171,,
173,,,169,,,123,171,,
174,,,170,,,126,171,,
174,,,170,,,126,171,,
176,,,170,,,127,171,,
177,,,170,,,126,170,,
179,,,171,,,126,171,,
179,,,171,,,127,171,,
180,,,170,,,127,171,,
181,,,169,,,125,170,,
181,,,168,,,124,169,,
181,,,166,,,125,168,,
181,,,165,,,126,167,,
181,,,163,,,125,166,,
181,,,161,,,125,166,,
182,,,158,,,127,166,,
182,,,154,,,129,166,,
182,,,151,,,129,165,,
182,,,147,,,128,165,,
181,,,144,,,129,164,,
180,,,142,,,130,164,,
179,,,139,,,131,163,,
177,,,137,,,131,163,,
177,,,134,,,131,161,,
175,,,131,,,130,162,,
175,,,130,,,130,163,,
174,,,127,,,129,162,,
174,,,126,,,129,161,,
173,,,123,,,128,160,,
174,,,123,,,129,160,,
173,,,125,,,131,160,,
172,,,127,,,131,160,,
171,,,133,,,128,159,,
169,,,138,,,128,157,,
167,,,142,,,128,157,,
166,,,145,,,127,156,,
165,,,149,,,126,155,,
165,,,153,,,126,155,,
165,,,155,,,124,153,,
165,,,158,,,124,151,,
165,,,162,,,124,150,,
165,,,165,,,123,148,,
167,,,168,,,120,148,,
168,,,169,,,119,148,,
171,,,171,,,119,149,,
171,,,171,,,120,151,,
173,,,171,,,122,150,,
173,,,171,,,123,145,,
175,,,172,,,125,144,,
176,,,171,,,127,142,,
177,,,171,,,127,138,,
178,,,171,,,125,137,,
178,,,173,,,123,138,,
180,,,173,,,120,138,,
180,,,173,,,117,137,,
181,,,173,,,115,138,,
181,,,173,,,112,137,,
181,,,173,,,112,134,,
180,,,172,,,112,135,,
178,,,172,,,111,132,,
176,,,173,,,109,128,,
175,,,173,,,109,127,,
173,,,172,,,110,131,,
173,,,170,,,110,131,,
172,,,169,,,111,131,,
172,,,167,,,111,131,,
172,,,167,,,114,131,,
171,,,166,,,115,131,,
168,,,165,,,120,,,
167,,,165,,,121,,,
162,,,164,,,122,,,
159,,,164,,,122,,,
155,,,162,,,118,,,
153,,,160,,,117,,,
151,,,158,,,117,,,
149,,,157,,,118,,,
147,,,155,,,117,,,
146,,,154,,,117,,,
144,,,153,,,116,,,
144,,,153,,,116,,,
145,,,153,,,114,,,
143,,,153,,,114,,,
140,,,153,,,114,,,
139,,,153,,,114,,,
132,,,155,,,112,,,
131,,,157,,,112,,,
130,,,158,,,112,,,
129,,,159,,,112,,,
132,,,160,,,115,,,
132,,,161,,,116,,,
132,,,161,,,123,,,
133,,,160,,,123,,,
136,,,160,,,123,,,
136,,,161,,,123,,,
134,,,162,,,127,,,
133,,,163,,,127,,,
131,,,163,,,127,,,
130,,,163,,,126,,,
131,,,164,,,125,,,
131,,,166,,,124,,,
130,,,168,,,121,,,
130,,,169,,,120,,,
131,,,169,,,117,,,
133,,,169,,,117,,,
136,,,168,,,119,,,
137,,,166,,,121,,,
138,,,164,,,124,,,
139,,,164,,,128,,,
140,,,166,,,131,,,
143,,,166,,,132,,,
145,,,164,,,132,,,
146,,,161,,,131,,,
146,,,158,,,129,,,
147,,,157,,,128,,,
150,,,156,,,127,,,
150,,,156,,,127,,,
150,,,156,,,127,,,
150,,,156,,,128,,,
151,,,154,,,131,,,
151,,,153,,,132,,,
150,,,153,,,133,,,
150,,,153,,,133,,,
149,,,154,,,133,,,
151,,,154,,,134,,,
154,,,154,,,134,,,
155,,,154,,,134,,,
157,,,153,,,134,,,
159,,,153,,,133,,,
165,,,154,,,132,,,
166,,,155,,,132,,,
164,,,157,,,134,,,
161,,,158,,,137,,,
160,,,161,,,136,,,
163,,,162,,,134,,,
166,,,162,,,133,,,
167,,,162,,,131,,,
167,,,161,,,126,,,
167,,,159,,,120,,,
167,,,158,,,119,,,
167,,,157,,,116,,,
167,,,157,,,110,,,
168,,,156,,,109,,,
170,,,156,,,115,,,
171,,,156,,,115,,,
171,,,155,,,114,,,
172,,,154,,,114,,,
173,,,154,,,117,,,
174,,,155,,,118,,,
175,,,154,,,116,,,
175,,,154,,,111,,,
175,,,154,,,107,,,
175,,,154,,,104,,,
175,,,156,,,104,,,
174,,,159,,,116,,,
173,,,160,,,121,,,
173,,,160,,,123,,,
174,,,160,,,123,,,
174,,,161,,,118,,,
173,,,163,,,120,,,
173,,,164,,,118,,,
172,,,165,,,112,,,
172,,,165,,,111,,,
171,,,165,,,115,,,
171,,,167,,,118,,,
169,,,168,,,120,,,
167,,,169,,,121,,,
165,,,170,,,122,,,
163,,,170,,,123,,,
158,,,169,,,126,,,
156,,,169,,,130,,,
155,,,169,,,134,,,
156,,,170,,,137,,,
159,,,171,,,140,,,
161,,,173,,,144,,,
162,,,174,,,146,,,
161,,,174,,,147,,,
162,,,174,,,148,,,
162,,,174,,,147,,,
164,,,174,,,148,,,
164,,,174,,,149,,,
165,,,175,,,151,,,
165,,,176,,,153,,,
166,,,176,,,155,,,
167,,,175,,,157,,,
169,,,176,,,157,,,
169,,,176,,,157,,,
169,,,175,,,157,,,
169,,,175,,,158,,,
171,,,174,,,157,,,
171,,,174,,,158,,,
171,,,174,,,159,,,
171,,,175,,,160,,,
170,,,175,,,160,,,
170,,,174,,,160,,,
170,,,172,,,162,,,
169,,,170,,,162,,,
168,,,169,,,162,,,
168,,,169,,,161,,,
167,,,168,,,161,,,
166,,,167,,,159,,,
167,,,167,,,158,,,
168,,,165,,,159,,,
169,,,164,,,159,,,
169,,,164,,,161,,,
168,,,163,,,162,,,
168,,,161,,,164,,,
168,,,158,,,165,,,
169,,,157,,,165,,,
170,,,154,,,163,,,
172,,,152,,,163,,,
173,,,153,,,164,,,
173,,,154,,,164,,,
173,,,153,,,165,,,
173,,,148,,,165,,,
174,,,144,,,166,,,
174,,,142,,,167,,,
174,,,142,,,167,,,
174,,,141,,,166,,,
174,,,139,,,165,,,
175,,,135,,,165,,,
174,,,132,,,164,,,
174,,,131,,,164,,,
174,,,129,,,164,,,
174,,,128,,,165,,,
174,,,124,,,166,,,
173,,,122,,,168,,,
172,,,125,,,169,,,
172,,,128,,,170,,,
172,,,128,,,170,,,
171,,,127,,,171,,,
169,,,127,,,171,,,
169,,,130,,,170,,,
170,,,130,,,170,,,
171,,,131,,,170,,,
170,,,132,,,170,,,
169,,,135,,,170,,,
166,,,142,,,169,,,
164,,,143,,,169,,,
165,,,141,,,170,,,
167,,,138,,,171,,,
170,,,133,,,170,,,
171,,,131,,,170,,,
172,,,131,,,170,,,
173,,,130,,,170,,,
175,,,128,,,169,,,
176,,,128,,,168,,,
176,,,129,,,166,,,
176,,,130,,,164,,,
176,,,130,,,162,,,
177,,,129,,,159,,,
178,,,129,,,158,,,
178,,,128,,,157,,,
179,,,128,,,156,,,
179,,,127,,,154,,,
179,,,125,,,154,,,
179,,,125,,,152,,,
178,,,126,,,150,,,
178,,,125,,,150,,,
178,,,123,,,149,,,
178,,,124,,,139,,,
179,,,128,,,136,,,
180,,,128,,,134,,,
180,,,129,,,137,,,
180,,,133,,,137,,,
180,,,139,,,128,,,
180,,,141,,,122,,,
180,,,143,,,124,,,
180,,,143,,,127,,,
180,,,141,,,131,,,
180,,,141,,,136,,,
179,,,143,,,140,,,
179,,,145,,,145,,,
179,,,146,,,148,,,
179,,,146,,,150,,,
179,,,147,,,152,,,
179,,,148,,,154,,,
178,,,149,,,156,,,
177,,,151,,,159,,,
176,,,153,,,162,,,
175,,,154,,,163,,,
174,,,155,,,165,,,
174,,,155,,,166,,,
174,,,156,,,166,,,
174,,,157,,,168,,,
174,,,158,,,169,,,
173,,,157,,,169,,,
172,,,157,,,171,,,
172,,,157,,,172,,,
170,,,157,,,173,,,
170,,,157,,,173,,,
169,,,158,,,172,,,
168,,,158,,,173,,,
168,,,157,,,174,,,
167,,,157,,,174,,,
166,,,157,,,174,,,
165,,,157,,,174,,,
162,,,158,,,174,,,
160,,,159,,,173,,,
155,,,160,,,173,,,
153,,,160,,,174,,,
148,,,159,,,174,,,
147,,,159,,,174,,,
146,,,159,,,174,,,
142,,,159,,,174,,,
139,,,160,,,174,,,
138,,,159,,,174,,,
134,,,157,,,175,,,
132,,,157,,,174,,,
128,,,157,,,174,,,
127,,,158,,,174,,,
130,,,157,,,174,,,
132,,,156,,,173,,,
134,,,156,,,173,,,
134,,,155,,,173,,,
137,,,155,,,173,,,
136,,,156,,,172,,,
134,,,157,,,172,,,
135,,,157,,,172,,,
136,,,157,,,171,,,
136,,,157,,,171,,,
138,,,158,,,169,,,
140,,,159,,,168,,,
143,,,160,,,167,,,
143,,,161,,,167,,,
141,,,162,,,168,,,
142,,,163,,,169,,,
143,,,163,,,170,,,
144,,,163,,,170,,,
146,,,162,,,170,,,
147,,,162,,,171,,,
149,,,162,,,171,,,
150,,,162,,,172,,,
150,,,162,,,174,,,
150,,,163,,,175,,,
153,,,164,,,176,,,
153,,,163,,,176,,,
153,,,162,,,177,,,
154,,,161,,,177,,,
154,,,158,,,177,,,
153,,,157,,,177,,,
153,,,155,,,177,,,
154,,,154,,,176,,,
153,,,148,,,176,,,
154,,,147,,,176,,,
155,,,140,,,176,,,
156,,,140,,,176,,,
156,,,144,,,176,,,
155,,,148,,,176,,,
155,,,152,,,176,,,
156,,,153,,,177,,,
155,,,156,,,177,,,
154,,,157,,,176,,,
151,,,159,,,175,,,
150,,,160,,,174,,,
148,,,163,,,175,,,
146,,,163,,,175,,,
145,,,164,,,176,,,
144,,,164,,,177,,,
143,,,164,,,177,,,
143,,,165,,,177,,,
144,,,167,,,177,,,
146,,,168,,,177,,,
148,,,169,,,176,,,
149,,,169,,,174,,,
151,,,169,,,171,,,
152,,,169,,,169,,,
154,,,169,,,168,,,
155,,,168,,,164,,,
158,,,166,,,161,,,
160,,,166,,,157,,,
164,,,165,,,156,,,
166,,,165,,,154,,,
167,,,166,,,153,,,
167,,,167,,,153,,,
166,,,167,,,153,,,
165,,,165,,,153,,,
159,,,160,,,152,,,
157,,,159,,,150,,,
155,,,156,,,149,,,
154,,,156,,,148,,,
151,,,154,,,147,,,
150,,,153,,,147,,,
151,,,153,,,148,,,
152,,,153,,,147,,,
151,,,154,,,148,,,
148,,,155,,,149,,,
143,,,156,,,149,,,
143,,,158,,,149,,,
142,,,160,,,149,,,
140,,,162,,,148,,,
139,,,162,,,148,,,
139,,,162,,,145,,,
139,,,162,,,143,,,
139,,,163,,,141,,,
139,,,165,,,138,,,
140,,,166,,,136,,,
140,,,167,,,132,,,
141,,,166,,,129,,,
142,,,166,,,125,,,
142,,,165,,,123,,,
141,,,166,,,122,,,
140,,,166,,,120,,,
139,,,166,,,118,,,
139,,,166,,,116,,,
137,,,164,,,116,,,
135,,,164,,,116,,,
130,,,161,,,117,,,
130,,,160,,,117,,,
129,,,159,,,118,,,
129,,,157,,,114,,,
129,,,155,,,110,,,
130,,,153,,,110,,,
132,,,147,,,110,,,
133,,,145,,,112,,,
135,,,142,,,115,,,
135,,,142,,,120,,,
136,,,143,,,120,,,
136,,,144,,,119,,,
138,,,141,,,119,,,
139,,,140,,,119,,,
141,,,141,,,119,,,
142,,,142,,,118,,,
144,,,148,,,117,,,
145,,,149,,,116,,,
146,,,152,,,117,,,
147,,,154,,,116,,,
149,,,156,,,115,,,
150,,,158,,,116,,,
149,,,161,,,118,,,
148,,,162,,,117,,,
148,,,164,,,116,,,
147,,,165,,,117,,,
143,,,168,,,119,,,
141,,,169,,,120,,,
139,,,171,,,119,,,
139,,,173,,,117,,,
142,,,175,,,116,,,
142,,,177,,,117,,,
139,,,178,,,117,,,
137,,,178,,,117,,,
134,,,179,,,116,,,
132,,,179,,,114,,,
131,,,180,,,113,,,
132,,,181,,,113,,,
135,,,181,,,113,,,
135,,,181,,,112,,,
138,,,180,,,111,,,
139,,,180,,,109,,,
139,,,181,,,104,,,
139,,,181,,,102,,,
138,,,182,,,101,,,
138,,,182,,,102,,,
137,,,183,,,102,,,
137,,,182,,,101,,,
138,,,182,,,101,,,
140,,,182,,,99,,,
143,,,183,,,98,,,
144,,,182,,,97,,,
143,,,182,,,95,,,
143,,,182,,,93,,,
141,,,182,,,93,,,
141,,,182,,,95,,,
142,,,181,,,99,,,
142,,,181,,,105,,,
141,,,182,,,107,,,
140,,,182,,,108,,,
139,,,182,,,108,,,
138,,,181,,,105,,,
137,,,180,,,103,,,
138,,,180,,,103,,,
139,,,178,,,104,,,
140,,,178,,,103,,,
140,,,177,,,102,,,
140,,,177,,,100,,,
138,,,176,,,99,,,
138,,,175,,,97,,,
137,,,173,,,98,,,
137,,,172,,,99,,,
137,,,170,,,99,,,
136,,,169,,,101,,,
136,,,167,,,104,,,
136,,,165,,,110,,,
137,,,163,,,113,,,
138,,,159,,,117,,,
138,,,152,,,121,,,
138,,,149,,,126,,,
138,,,148,,,127,,,
138,,,148,,,127,,,
139,,,145,,,127,,,
141,,,144,,,129,,,
141,,,143,,,131,,,
141,,,143,,,131,,,
145,,,144,,,128,,,
145,,,146,,,124,,,
148,,,147,,,123,,,
148,,,148,,,123,,,
148,,,151,,,122,,,
147,,,151,,,121,,,
146,,,150,,,120,,,
145,,,150,,,119,,,
141,,,150,,,119,,,
140,,,149,,,119,,,
136,,,149,,,119,,,
135,,,149,,,120,,,
134,,,150,,,120,,,
133,,,150,,,120,,,
131,,,149,,,119,,,
132,,,149,,,118,,,
135,,,150,,,117,,,
135,,,151,,,116,,,
134,,,154,,,116,,,
134,,,155,,,113,,,
134,,,157,,,110,,,
134,,,157,,,109,,,
134,,,159,,,108,,,
134,,,160,,,106,,,
133,,,161,,,107,,,
134,,,161,,,112,,,
133,,,162,,,117,,,
133,,,163,,,118,,,
133,,,164,,,119,,,
132,,,165,,,122,,,
129,,,167,,,129,,,
128,,,168,,,136,,,
129,,,170,,,141,,,
131,,,170,,,144,,,
133,,,171,,,144,,,
132,,,171,,,144,,,
132,,,173,,,143,,,
133,,,174,,,143,,,
136,,,176,,,142,,,
137,,,176,,,142,,,
139,,,175,,,143,,,
140,,,174,,,144,,,
144,,,173,,,146,,,
146,,,173,,,148,,,
146,,,173,,,149,,,
146,,,173,,,149,,,
146,,,171,,,148,,,
147,,,170,,,148,,,
149,,,168,,,149,,,
150,,,168,,,149,,,
150,,,168,,,149,,,
150,,,168,,,149,,,
150,,,167,,,148,,,
150,,,167,,,147,,,
149,,,167,,,147,,,
149,,,166,,,147,,,
148,,,166,,,149,,,
150,,,167,,,149,,,
152,,,168,,,147,,,
153,,,167,,,143,,,
154,,,167,,,140,,,
155,,,166,,,134,,,
157,,,165,,,131,,,
157,,,165,,,131,,,
158,,,165,,,132,,,
158,,,165,,,131,,,
158,,,167,,,129,,,
158,,,167,,,129,,,
158,,,167,,,133,,,
157,,,167,,,139,,,
155,,,164,,,144,,,
155,,,164,,,148,,,
155,,,162,,,151,,,
155,,,161,,,154,,,
154,,,159,,,159,,,
154,,,156,,,163,,,
154,,,153,,,166,,,
154,,,152,,,170,,,
155,,,153,,,172,,,
155,,,153,,,173,,,
155,,,153,,,173,,,
155,,,152,,,173,,,
156,,,150,,,173,,,
156,,,150,,,173,,,
154,,,146,,,173,,,
152,,,146,,,173,,,
151,,,149,,,173,,,
151,,,150,,,173,,,
148,,,153,,,173,,,
148,,,153,,,173,,,
147,,,154,,,173,,,
147,,,155,,,173,,,
148,,,155,,,173,,,
148,,,156,,,172,,,
148,,,158,,,172,,,
149,,,159,,,172,,,
150,,,159,,,172,,,
150,,,159,,,173,,,
152,,,160,,,172,,,
153,,,160,,,172,,,
154,,,159,,,171,,,
154,,,158,,,170,,,
155,,,156,,,170,,,
156,,,156,,,170,,,
155,,,156,,,170,,,
156,,,157,,,170,,,
156,,,158,,,170,,,
155,,,158,,,170,,,
155,,,159,,,170,,,
155,,,160,,,170,,,
154,,,161,,,170,,,
154,,,161,,,170,,,
153,,,161,,,170,,,
152,,,162,,,169,,,
151,,,163,,,168,,,
150,,,163,,,168,,,
150,,,164,,,168,,,
150,,,164,,,168,,,
147,,,163,,,169,,,
146,,,163,,,169,,,
145,,,163,,,168,,,
145,,,164,,,168,,,
143,,,165,,,169,,,
143,,,166,,,170,,,
143,,,167,,,170,,,
143,,,167,,,169,,,
142,,,169,,,169,,,
141,,,169,,,170,,,
141,,,170,,,169,,,
141,,,170,,,169,,,
140,,,170,,,169,,,
140,,,171,,,169,,,
144,,,172,,,169,,,
145,,,172,,,169,,,
146,,,171,,,169,,,
147,,,170,,,167,,,
150,,,169,,,167,,,
152,,,169,,,168,,,
153,,,168,,,168,,,
154,,,167,,,169,,,
157,,,167,,,169,,,
157,,,167,,,169,,,
158,,,168,,,170,,,
158,,,168,,,169,,,
160,,,167,,,169,,,
160,,,167,,,169,,,
160,,,167,,,169,,,
160,,,168,,,169,,,
160,,,170,,,169,,,
160,,,170,,,168,,,
160,,,171,,,168,,,
161,,,171,,,167,,,
162,,,172,,,167,,,
163,,,172,,,167,,,
164,,,170,,,166,,,
165,,,170,,,165,,,
166,,,170,,,165,,,
166,,,170,,,166,,,
167,,,170,,,167,,,
167,,,169,,,167,,,
168,,,169,,,167,,,
168,,,169,,,167,,,
169,,,168,,,167,,,
169,,,168,,,168,,,
170,,,166,,,167,,,
170,,,165,,,166,,,
172,,,164,,,166,,,
172,,,164,,,164,,,
171,,,164,,,163,,,
171,,,164,,,162,,,
170,,,164,,,161,,,
170,,,164,,,157,,,
169,,,164,,,154,,,
169,,,163,,,153,,,
167,,,163,,,153,,,
166,,,162,,,152,,,
162,,,160,,,151,,,
160,,,160,,,151,,,
156,,,160,,,152,,,
153,,,162,,,151,,,
148,,,164,,,150,,,
146,,,164,,,150,,,
147,,,164,,,151,,,
149,,,164,,,153,,,
148,,,163,,,152,,,
144,,,163,,,149,,,
140,,,165,,,145,,,
137,,,166,,,137,,,
133,,,168,,,135,,,
133,,,168,,,133,,,
131,,,169,,,132,,,
132,,,169,,,130,,,
138,,,169,,,131,,,
138,,,169,,,133,,,
138,,,170,,,134,,,
141,,,169,,,134,,,
144,,,169,,,133,,,
143,,,169,,,131,,,
137,,,169,,,132,,,
136,,,168,,,134,,,
132,,,166,,,135,,,
126,,,165,,,134,,,
121,,,166,,,134,,,
119,,,166,,,134,,,
121,,,163,,,135,,,
121,,,160,,,138,,,
116,,,157,,,139,,,
116,,,156,,,141,,,
116,,,154,,,141,,,
114,,,153,,,140,,,
112,,,152,,,139,,,
112,,,153,,,138,,,
111,,,155,,,137,,,
111,,,155,,,134,,,
111,,,156,,,133,,,
110,,,157,,,132,,,
110,,,157,,,132,,,
112,,,158,,,129,,,
113,,,160,,,128,,,
113,,,161,,,126,,,
118,,,162,,,125,,,
119,,,162,,,123,,,
119,,,163,,,122,,,
119,,,163,,,120,,,
119,,,164,,,120,,,
119,,,165,,,122,,,
121,,,168,,,122,,,
122,,,169,,,120,,,
126,,,169,,,119,,,
127,,,169,,,118,,,
129,,,168,,,117,,,
130,,,167,,,114,,,
134,,,165,,,112,,,
135,,,164,,,111,,,
136,,,165,,,109,,,
136,,,165,,,111,,,
138,,,164,,,114,,,
139,,,163,,,113,,,
138,,,164,,,109,,,
137,,,164,,,107,,,
136,,,162,,,107,,,
135,,,162,,,108,,,
135,,,162,,,110,,,
135,,,161,,,115,,,
136,,,161,,,116,,,
136,,,161,,,118,,,
138,,,160,,,119,,,
141,,,160,,,121,,,
145,,,159,,,122,,,
146,,,158,,,123,,,
148,,,156,,,122,,,
148,,,154,,,120,,,
149,,,154,,,120,,,
150,,,155,,,122,,,
152,,,155,,,122,,,
154,,,156,,,121,,,
156,,,155,,,121,,,
156,,,155,,,121,,,
157,,,155,,,120,,,
158,,,155,,,116,,,
158,,,155,,,116,,,
158,,,156,,,116,,,
156,,,157,,,115,,,
155,,,157,,,113,,,
156,,,158,,,113,,,
157,,,158,,,108,,,
158,,,161,,,105,,,
160,,,162,,,101,,,
161,,,163,,,100,,,
161,,,163,,,98,,,
162,,,162,,,97,,,
162,,,162,,,96,,,
164,,,162,,,94,,,
166,,,162,,,91,,,
168,,,164,,,90,,,
170,,,164,,,87,,,
170,,,164,,,89,,,
170,,,165,,,98,,,
169,,,166,,,105,,,
169,,,166,,,106,,,
169,,,166,,,105,,,
170,,,165,,,102,,,
171,,,167,,,102,,,
170,,,166,,,103,,,
169,,,165,,,103,,,
168,,,164,,,109,,,
168,,,164,,,109,,,
168,,,164,,,107,,,
168,,,162,,,106,,,
168,,,162,,,108,,,
169,,,163,,,111,,,
169,,,163,,,111,,,
168,,,164,,,112,,,
166,,,164,,,114,,,
165,,,165,,,112,,,
165,,,166,,,108,,,
165,,,167,,,108,,,
164,,,167,,,113,,,
164,,,168,,,114,,,
165,,,167,,,116,,,
165,,,166,,,119,,,
166,,,165,,,123,,,
166,,,166,,,124,,,
167,,,166,,,126,,,
167,,,166,,,127,,,
167,,,166,,,129,,,
167,,,164,,,131,,,
165,,,164,,,132,,,
164,,,167,,,132,,,
161,,,167,,,129,,,
159,,,165,,,128,,,
156,,,164,,,127,,,
154,,,162,,,127,,,
152,,,160,,,125,,,
152,,,159,,,124,,,
154,,,158,,,124,,,
156,,,158,,,123,,,
157,,,158,,,118,,,
156,,,160,,,118,,,
155,,,161,,,117,,,
154,,,163,,,116,,,
151,,,163,,,112,,,
150,,,163,,,110,,,
146,,,164,,,108,,,
146,,,164,,,108,,,
147,,,164,,,107,,,
147,,,163,,,106,,,
144,,,163,,,103,,,
144,,,162,,,106,,,
144,,,162,,,106,,,
144,,,163,,,101,,,
143,,,163,,,98,,,
143,,,164,,,98,,,
144,,,163,,,102,,,
145,,,164,,,114,,,
147,,,164,,,119,,,
147,,,165,,,128,,,
149,,,165,,,133,,,
150,,,165,,,137,,,
151,,,165,,,138,,,
152,,,164,,,140,,,
153,,,163,,,141,,,
153,,,162,,,144,,,
153,,,162,,,146,,,
153,,,162,,,152,,,
155,,,162,,,155,,,
154,,,163,,,160,,,
152,,,164,,,161,,,
152,,,164,,,162,,,
152,,,165,,,163,,,
151,,,166,,,163,,,
151,,,165,,,163,,,
151,,,165,,,164,,,
151,,,165,,,164,,,
151,,,163,,,163,,,
152,,,162,,,163,,,
153,,,161,,,164,,,
153,,,161,,,164,,,
154,,,161,,,163,,,
154,,,161,,,163,,,
154,,,160,,,164,,,
153,,,160,,,164,,,
153,,,160,,,160,,,
153,,,160,,,158,,,
153,,,159,,,154,,,
153,,,158,,,152,,,
153,,,157,,,147,,,
153,,,156,,,145,,,
153,,,155,,,139,,,
149,,,155,,,136,,,
148,,,155,,,138,,,
146,,,154,,,140,,,
146,,,155,,,140,,,
146,,,155,,,139,,,
146,,,154,,,135,,,
147,,,154,,,133,,,
147,,,153,,,133,,,
148,,,152,,,134,,,
148,,,152,,,136,,,
150,,,152,,,138,,,
151,,,153,,,143,,,
150,,,153,,,146,,,
149,,,153,,,148,,,
149,,,154,,,151,,,
148,,,156,,,156,,,
146,,,157,,,159,,,
146,,,158,,,165,,,
146,,,159,,,167,,,
146,,,159,,,170,,,
149,,,159,,,171,,,
150,,,159,,,172,,,
151,,,159,,,172,,,
151,,,160,,,172,,,
151,,,160,,,172,,,
151,,,160,,,173,,,
152,,,160,,,173,,,
152,,,159,,,174,,,
152,,,158,,,174,,,
151,,,155,,,174,,,
151,,,155,,,174,,,
151,,,154,,,173,,,
151,,,155,,,174,,,
151,,,156,,,173,,,
153,,,156,,,173,,,
153,,,156,,,172,,,
153,,,156,,,172,,,
153,,,157,,,173,,,
154,,,157,,,172,,,
155,,,158,,,172,,,
154,,,157,,,172,,,
154,,,157,,,172,,,
154,,,156,,,172,,,
154,,,156,,,172,,,
155,,,157,,,172,,,
155,,,157,,,171,,,
156,,,158,,,170,,,
156,,,160,,,170,,,
156,,,160,,,170,,,
156,,,162,,,170,,,
154,,,163,,,169,,,
153,,,164,,,168,,,
151,,,165,,,168,,,
151,,,164,,,168,,,
152,,,164,,,167,,,
151,,,163,,,167,,,
151,,,163,,,167,,,
151,,,162,,,168,,,
150,,,162,,,168,,,
150,,,162,,,168,,,
150,,,161,,,169,,,
150,,,161,,,169,,,
148,,,162,,,168,,,
147,,,162,,,168,,,
146,,,162,,,168,,,
146,,,162,,,167,,,
146,,,162,,,166,,,
146,,,161,,,166,,,
146,,,160,,,167,,,
146,,,158,,,167,,,
146,,,157,,,166,,,
146,,,156,,,166,,,
146,,,155,,,167,,,
146,,,154,,,167,,,
147,,,152,,,167,,,
148,,,149,,,167,,,
149,,,149,,,168,,,
149,,,149,,,167,,,
148,,,148,,,166,,,
148,,,148,,,167,,,
150,,,149,,,167,,,
151,,,149,,,166,,,
153,,,150,,,166,,,
154,,,149,,,165,,,
154,,,149,,,165,,,
154,,,149,,,164,,,
155,,,151,,,164,,,
155,,,154,,,165,,,
153,,,155,,,165,,,
153,,,155,,,166,,,
153,,,156,,,165,,,
153,,,157,,,165,,,
153,,,158,,,164,,,
154,,,157,,,165,,,
155,,,157,,,165,,,
156,,,157,,,166,,,
156,,,157,,,166,,,
156,,,155,,,166,,,
156,,,155,,,166,,,
155,,,154,,,165,,,
155,,,154,,,165,,,
155,,,153,,,165,,,
154,,,153,,,165,,,
153,,,153,,,165,,,
153,,,153,,,164,,,
153,,,153,,,163,,,
153,,,152,,,163,,,
152,,,153,,,163,,,
151,,,153,,,162,,,
150,,,153,,,159,,,
146,,,152,,,158,,,
145,,,151,,,156,,,
145,,,151,,,155,,,
145,,,150,,,154,,,
144,,,150,,,154,,,
144,,,152,,,154,,,
145,,,152,,,153,,,
146,,,152,,,152,,,
145,,,152,,,151,,,
144,,,155,,,150,,,
145,,,156,,,149,,,
145,,,158,,,147,,,
146,,,159,,,146,,,
146,,,161,,,141,,,
148,,,161,,,140,,,
148,,,162,,,141,,,
149,,,162,,,141,,,
148,,,163,,,143,,,
148,,,163,,,143,,,
147,,,162,,,143,,,
147,,,161,,,144,,,
147,,,162,,,146,,,
147,,,162,,,147,,,
146,,,162,,,147,,,
145,,,163,,,146,,,
144,,,162,,,146,,,
143,,,163,,,146,,,
142,,,162,,,146,,,
140,,,162,,,145,,,
140,,,163,,,143,,,
139,,,162,,,143,,,
139,,,161,,,142,,,
141,,,161,,,141,,,
142,,,161,,,140,,,
145,,,161,,,140,,,
147,,,163,,,139,,,
152,,,166,,,138,,,
155,,,170,,,136,,,
160,,,170,,,136,,,
162,,,168,,,136,,,
166,,,167,,,136,,,
166,,,162,,,137,,,
167,,,162,,,137,,,
167,,,163,,,135,,,
167,,,162,,,135,,,
168,,,159,,,134,,,
169,,,159,,,134,,,
168,,,158,,,133,,,
166,,,155,,,134,,,
166,,,152,,,135,,,
164,,,152,,,135,,,
163,,,150,,,133,,,
161,,,150,,,130,,,
160,,,150,,,126,,,
158,,,153,,,125,,,
157,,,155,,,124,,,
155,,,155,,,124,,,
154,,,154,,,123,,,
152,,,153,,,123,,,
151,,,152,,,125,,,
151,,,151,,,126,,,
150,,,150,,,127,,,
149,,,150,,,127,,,
147,,,151,,,128,,,
143,,,151,,,128,,,
142,,,150,,,128,,,
140,,,149,,,127,,,
139,,,151,,,129,,,
138,,,152,,,131,,,
137,,,153,,,133,,,
134,,,153,,,133,,,
133,,,154,,,134,,,
129,,,154,,,134,,,
127,,,154,,,133,,,
123,,,154,,,132,,,
123,,,158,,,131,,,
124,,,160,,,131,,,
126,,,161,,,132,,,
129,,,162,,,132,,,
130,,,164,,,132,,,
127,,,165,,,132,,,
127,,,165,,,132,,,
119,,,165,,,132,,,
117,,,164,,,132,,,
116,,,165,,,132,,,
116,,,166,,,132,,,
115,,,167,,,131,,,
115,,,168,,,128,,,
122,,,168,,,127,,,
127,,,169,,,122,,,
130,,,169,,,119,,,
137,,,169,,,118,,,
142,,,170,,,118,,,
145,,,170,,,120,,,
148,,,169,,,119,,,
149,,,168,,,116,,,
149,,,167,,,115,,,
149,,,166,,,110,,,
151,,,165,,,107,,,
153,,,165,,,104,,,
156,,,164,,,105,,,
157,,,162,,,111,,,
157,,,161,,,112,,,
156,,,161,,,111,,,
156,,,160,,,111,,,
156,,,159,,,117,,,
156,,,157,,,117,,,
154,,,156,,,115,,,
154,,,156,,,114,,,
154,,,154,,,110,,,
154,,,153,,,109,,,
154,,,151,,,110,,,
154,,,151,,,110,,,
154,,,150,,,109,,,
155,,,149,,,108,,,
155,,,149,,,107,,,
155,,,149,,,108,,,
156,,,149,,,111,,,
157,,,151,,,111,,,
156,,,152,,,111,,,
156,,,151,,,111,,,
156,,,148,,,113,,,
157,,,148,,,115,,,
157,,,149,,,118,,,
157,,,150,,,119,,,
157,,,149,,,121,,,
157,,,148,,,124,,,
156,,,144,,,128,,,
156,,,142,,,128,,,
155,,,141,,,125,,,
154,,,142,,,123,,,
154,,,142,,,124,,,
153,,,141,,,126,,,
153,,,139,,,128,,,
155,,,139,,,129,,,
156,,,140,,,130,,,
157,,,141,,,130,,,
158,,,139,,,128,,,
158,,,138,,,126,,,
159,,,137,,,126,,,
160,,,138,,,125,,,
160,,,139,,,123,,,
160,,,139,,,123,,,
161,,,138,,,124,,,
161,,,138,,,123,,,
160,,,138,,,121,,,
158,,,139,,,120,,,
157,,,142,,,119,,,
155,,,142,,,119,,,
154,,,140,,,118,,,
154,,,140,,,118,,,
152,,,143,,,116,,,
148,,,144,,,113,,,
147,,,143,,,112,,,
142,,,142,,,112,,,
139,,,142,,,114,,,
136,,,141,,,116,,,
133,,,140,,,122,,,
132,,,140,,,127,,,
132,,,143,,,134,,,
133,,,144,,,136,,,
133,,,147,,,142,,,
133,,,148,,,144,,,
131,,,147,,,149,,,
129,,,147,,,152,,,
127,,,146,,,157,,,
127,,,146,,,159,,,
127,,,143,,,161,,,
127,,,143,,,162,,,
127,,,142,,,162,,,
126,,,142,,,163,,,
125,,,142,,,165,,,
124,,,141,,,166,,,
125,,,141,,,168,,,
131,,,141,,,168,,,
131,,,140,,,169,,,
128,,,140,,,169,,,
127,,,143,,,169,,,
126,,,145,,,168,,,
125,,,147,,,168,,,
124,,,148,,,167,,,
124,,,147,,,166,,,
125,,,147,,,166,,,
124,,,147,,,167,,,
123,,,147,,,167,,,
123,,,146,,,166,,,
125,,,146,,,167,,,
126,,,145,,,164,,,
125,,,145,,,162,,,
125,,,145,,,159,,,
128,,,146,,,157,,,
130,,,146,,,152,,,
129,,,145,,,151,,,
127,,,144,,,149,,,
127,,,145,,,148,,,
126,,,146,,,149,,,
126,,,147,,,148,,,
125,,,147,,,139,,,
125,,,147,,,137,,,
125,,,147,,,132,,,
127,,,147,,,131,,,
127,,,148,,,128,,,
126,,,149,,,127,,,
125,,,150,,,129,,,
127,,,149,,,130,,,
128,,,148,,,132,,,
128,,,148,,,137,,,
127,,,146,,,140,,,
126,,,145,,,143,,,
128,,,141,,,150,,,
129,,,141,,,152,,,
129,,,144,,,159,,,
132,,,146,,,161,,,
133,,,148,,,164,,,
132,,,148,,,165,,,
131,,,146,,,168,,,
130,,,145,,,169,,,
130,,,144,,,170,,,
127,,,143,,,170,,,
126,,,141,,,170,,,
125,,,139,,,170,,,
126,,,139,,,171,,,
125,,,139,,,171,,,
123,,,138,,,171,,,
120,,,138,,,172,,,
119,,,139,,,171,,,
120,,,138,,,171,,,
121,,,138,,,170,,,
120,,,138,,,170,,,
120,,,140,,,170,,,
120,,,141,,,170,,,
119,,,141,,,169,,,
118,,,141,,,169,,,
117,,,142,,,169,,,
117,,,143,,,168,,,
116,,,146,,,167,,,
115,,,148,,,167,,,
114,,,153,,,167,,,
114,,,155,,,167,,,
113,,,156,,,167,,,
112,,,156,,,168,,,
112,,,157,,,168,,,
111,,,157,,,168,,,
109,,,156,,,166,,,
109,,,155,,,166,,,
107,,,155,,,168,,,
106,,,155,,,168,,,
107,,,154,,,170,,,
107,,,153,,,170,,,
107,,,153,,,170,,,
107,,,153,,,169,,,
107,,,152,,,169,,,
109,,,152,,,170,,,
109,,,152,,,171,,,
115,,,152,,,172,,,
118,,,152,,,171,,,
118,,,152,,,171,,,
116,,,154,,,171,,,
114,,,155,,,170,,,
114,,,156,,,171,,,
116,,,156,,,170,,,
116,,,158,,,169,,,
119,,,159,,,169,,,
120,,,160,,,170,,,
119,,,162,,,170,,,
116,,,165,,,169,,,
113,,,168,,,169,,,
113,,,170,,,169,,,
112,,,171,,,169,,,
111,,,173,,,169,,,
111,,,173,,,170,,,
112,,,173,,,170,,,
115,,,173,,,171,,,
117,,,173,,,171,,,
117,,,172,,,171,,,
118,,,169,,,171,,,
121,,,168,,,171,,,
122,,,166,,,170,,,
123,,,166,,,170,,,
125,,,163,,,170,,,
123,,,160,,,169,,,
120,,,157,,,169,,,
119,,,156,,,170,,,
119,,,154,,,170,,,
118,,,152,,,170,,,
118,,,151,,,170,,,
120,,,150,,,170,,,
122,,,151,,,170,,,
124,,,153,,,169,,,
125,,,153,,,170,,,
126,,,152,,,171,,,
126,,,150,,,170,,,
127,,,149,,,170,,,
127,,,148,,,169,,,
127,,,149,,,168,,,
129,,,151,,,168,,,
130,,,151,,,168,,,
131,,,152,,,167,,,
131,,,151,,,167,,,
132,,,151,,,166,,,
133,,,152,,,166,,,
133,,,152,,,165,,,
133,,,152,,,165,,,
133,,,151,,,164,,,
131,,,150,,,162,,,
131,,,149,,,161,,,
132,,,148,,,161,,,
133,,,147,,,161,,,
134,,,147,,,161,,,
134,,,147,,,161,,,
134,,,147,,,160,,,
134,,,147,,,160,,,
134,,,149,,,160,,,
135,,,150,,,158,,,
137,,,152,,,156,,,
138,,,153,,,154,,,
137,,,153,,,152,,,
137,,,152,,,151,,,
137,,,151,,,149,,,
138,,,152,,,148,,,
139,,,152,,,147,,,
140,,,152,,,145,,,
142,,,151,,,145,,,
142,,,151,,,146,,,
143,,,152,,,146,,,
143,,,152,,,145,,,
143,,,152,,,146,,,
142,,,152,,,147,,,
140,,,154,,,148,,,
140,,,154,,,149,,,
140,,,154,,,147,,,
140,,,154,,,144,,,
141,,,154,,,142,,,
141,,,153,,,140,,,
141,,,153,,,139,,,
141,,,154,,,140,,,
139,,,153,,,140,,,
138,,,153,,,141,,,
138,,,154,,,142,,,
139,,,154,,,142,,,
139,,,154,,,141,,,
138,,,154,,,140,,,
135,,,154,,,140,,,
136,,,155,,,140,,,
139,,,156,,,140,,,
137,,,157,,,140,,,
131,,,158,,,140,,,
130,,,159,,,140,,,
131,,,160,,,138,,,
132,,,160,,,137,,,
134,,,159,,,137,,,
135,,,159,,,138,,,
138,,,158,,,138,,,
140,,,157,,,141,,,
142,,,157,,,143,,,
144,,,156,,,144,,,
145,,,155,,,144,,,
147,,,155,,,144,,,
150,,,155,,,144,,,
151,,,155,,,144,,,
154,,,153,,,142,,,
156,,,152,,,141,,,
159,,,151,,,140,,,
160,,,150,,,140,,,
162,,,149,,,139,,,
162,,,150,,,136,,,
163,,,149,,,130,,,
163,,,148,,,127,,,
163,,,147,,,123,,,
164,,,146,,,119,,,
164,,,145,,,116,,,
165,,,145,,,113,,,
167,,,144,,,113,,,
168,,,143,,,115,,,
169,,,143,,,123,,,
170,,,142,,,127,,,
172,,,142,,,127,,,
172,,,142,,,125,,,
173,,,142,,,122,,,
173,,,142,,,121,,,
173,,,142,,,123,,,
174,,,142,,,124,,,
174,,,141,,,126,,,
174,,,141,,,127,,,
175,,,140,,,121,,,
175,,,140,,,117,,,
175,,,138,,,116,,,
174,,,136,,,115,,,
172,,,133,,,115,,,
171,,,133,,,,,,
169,,,136,,,,,,
169,,,136,,,,,,
169,,,132,,,,,,
168,,,130,,,,,,
167,,,129,,,,,,
167,,,130,,,,,,
166,,,130,,,,,,
166,,,130,,,,,,
166,,,131,,,,,,
166,,,131,,,,,,
165,,,132,,,,,,
165,,,133,,,,,,
163,,,134,,,,,,
163,,,134,,,,,,
162,,,136,,,,,,
161,,,137,,,,,,
160,,,140,,,,,,
160,,,142,,,,,,
159,,,144,,,,,,
158,,,144,,,,,,
157,,,143,,,,,,
156,,,144,,,,,,
155,,,145,,,,,,
155,,,146,,,,,,
156,,,146,,,,,,
157,,,146,,,,,,
156,,,147,,,,,,
156,,,148,,,,,,
157,,,151,,,,,,
157,,,151,,,,,,
158,,,150,,,,,,
159,,,149,,,,,,
161,,,149,,,,,,
162,,,148,,,,,,
163,,,148,,,,,,
164,,,148,,,,,,
165,,,149,,,,,,
165,,,148,,,,,,
164,,,147,,,,,,
162,,,146,,,,,,
161,,,145,,,,,,
161,,,146,,,,,,
160,,,146,,,,,,
159,,,144,,,,,,
156,,,143,,,,,,
154,,,142,,,,,,
149,,,140,,,,,,
145,,,140,,,,,,
141,,,141,,,,,,
141,,,140,,,,,,
138,,,139,,,,,,
136,,,139,,,,,,
135,,,138,,,,,,
134,,,138,,,,,,
133,,,137,,,,,,
132,,,136,,,,,,
130,,,135,,,,,,
131,,,135,,,,,,
131,,,135,,,,,,
132,,,134,,,,,,
132,,,133,,,,,,
132,,,132,,,,,,
134,,,133,,,,,,
135,,,134,,,,,,
138,,,133,,,,,,
139,,,132,,,,,,
140,,,131,,,,,,
140,,,130,,,,,,
140,,,130,,,,,,
139,,,131,,,,,,
138,,,132,,,,,,
138,,,131,,,,,,
139,,,132,,,,,,
140,,,133,,,,,,
142,,,134,,,,,,
143,,,134,,,,,,
144,,,136,,,,,,
146,,,137,,,,,,
147,,,137,,,,,,
148,,,138,,,,,,
149,,,139,,,,,,
150,,,139,,,,,,
151,,,140,,,,,,
151,,,140,,,,,,
152,,,140,,,,,,
152,,,140,,,,,,
154,,,141,,,,,,
154,,,141,,,,,,
153,,,138,,,,,,
152,,,137,,,,,,
151,,,135,,,,,,
151,,,133,,,,,,
150,,,131,,,,,,
150,,,131,,,,,,
150,,,130,,,,,,
151,,,131,,,,,,
152,,,136,,,,,,
153,,,138,,,,,,
153,,,137,,,,,,
154,,,136,,,,,,
154,,,134,,,,,,
154,,,134,,,,,,
155,,,133,,,,,,
155,,,133,,,,,,
158,,,132,,,,,,
159,,,131,,,,,,
160,,,130,,,,,,
160,,,128,,,,,,
160,,,127,,,,,,
159,,,128,,,,,,
158,,,125,,,,,,
158,,,125,,,,,,
157,,,123,,,,,,
157,,,122,,,,,,
155,,,123,,,,,,
155,,,123,,,,,,
152,,,118,,,,,,
151,,,118,,,,,,
150,,,121,,,,,,
150,,,122,,,,,,
153,,,122,,,,,,
154,,,122,,,,,,
154,,,123,,,,,,
154,,,122,,,,,,
154,,,119,,,,,,
154,,,117,,,,,,
155,,,116,,,,,,
156,,,116,,,,,,
156,,,113,,,,,,
156,,,112,,,,,,
154,,,112,,,,,,
154,,,115,,,,,,
152,,,120,,,,,,
150,,,121,,,,,,
145,,,123,,,,,,
142,,,125,,,,,,
136,,,125,,,,,,
133,,,126,,,,,,
133,,,130,,,,,,
135,,,130,,,,,,
137,,,130,,,,,,
136,,,128,,,,,,
133,,,126,,,,,,
130,,,126,,,,,,
126,,,125,,,,,,
126,,,125,,,,,,
123,,,125,,,,,,
121,,,125,,,,,,
120,,,125,,,,,,
119,,,125,,,,,,
119,,,125,,,,,,
119,,,126,,,,,,
118,,,127,,,,,,
118,,,129,,,,,,
115,,,128,,,,,,
114,,,125,,,,,,
115,,,120,,,,,,
115,,,120,,,,,,
113,,,121,,,,,,
115,,,123,,,,,,
124,,,126,,,,,,
124,,,126,,,,,,
125,,,127,,,,,,
125,,,127,,,,,,
125,,,129,,,,,,
126,,,130,,,,,,
129,,,130,,,,,,
131,,,130,,,,,,
133,,,131,,,,,,
134,,,132,,,,,,
137,,,134,,,,,,
138,,,134,,,,,,
139,,,135,,,,,,
140,,,134,,,,,,
140,,,134,,,,,,
140,,,133,,,,,,
140,,,133,,,,,,
140,,,133,,,,,,
140,,,132,,,,,,
141,,,132,,,,,,
141,,,130,,,,,,
141,,,129,,,,,,
140,,,127,,,,,,
140,,,127,,,,,,
138,,,127,,,,,,
135,,,128,,,,,,
131,,,129,,,,,,
131,,,129,,,,,,
129,,,130,,,,,,
128,,,131,,,,,,
127,,,130,,,,,,
127,,,131,,,,,,
128,,,133,,,,,,
127,,,134,,,,,,
125,,,135,,,,,,
124,,,135,,,,,,
123,,,139,,,,,,
124,,,141,,,,,,
127,,,143,,,,,,
127,,,143,,,,,,
128,,,144,,,,,,
129,,,145,,,,,,
130,,,148,,,,,,
129,,,148,,,,,,
129,,,148,,,,,,
129,,,149,,,,,,
129,,,149,,,,,,
130,,,149,,,,,,
132,,,150,,,,,,
136,,,150,,,,,,
138,,,149,,,,,,
138,,,148,,,,,,
138,,,145,,,,,,
138,,,144,,,,,,
136,,,143,,,,,,
134,,,142,,,,,,
131,,,142,,,,,,
129,,,142,,,,,,
123,,,145,,,,,,
120,,,147,,,,,,
116,,,151,,,,,,
116,,,151,,,,,,
116,,,156,,,,,,
115,,,157,,,,,,
110,,,159,,,,,,
109,,,159,,,,,,
112,,,160,,,,,,
116,,,160,,,,,,
117,,,162,,,,,,
116,,,163,,,,,,
114,,,163,,,,,,
113,,,162,,,,,,
112,,,161,,,,,,
112,,,161,,,,,,
113,,,161,,,,,,
112,,,161,,,,,,
111,,,160,,,,,,
109,,,159,,,,,,
109,,,156,,,,,,
109,,,156,,,,,,
109,,,155,,,,,,
108,,,154,,,,,,
108,,,152,,,,,,
107,,,151,,,,,,
106,,,148,,,,,,
105,,,147,,,,,,
107,,,142,,,,,,
108,,,141,,,,,,
112,,,140,,,,,,
115,,,137,,,,,,
116,,,132,,,,,,
114,,,133,,,,,,
112,,,134,,,,,,
109,,,133,,,,,,
109,,,132,,,,,,
110,,,132,,,,,,
114,,,131,,,,,,
116,,,132,,,,,,
116,,,134,,,,,,
115,,,135,,,,,,
112,,,134,,,,,,
105,,,135,,,,,,
95,,,136,,,,,,
96,,,136,,,,,,
103,,,136,,,,,,
104,,,136,,,,,,
105,,,137,,,,,,
105,,,138,,,,,,
104,,,140,,,,,,
103,,,141,,,,,,
102,,,141,,,,,,
102,,,141,,,,,,
102,,,142,,,,,,
102,,,141,,,,,,
100,,,138,,,,,,
99,,,137,,,,,,
100,,,135,,,,,,
102,,,136,,,,,,
104,,,137,,,,,,
104,,,138,,,,,,
105,,,136,,,,,,
105,,,136,,,,,,
104,,,135,,,,,,
104,,,135,,,,,,
104,,,136,,,,,,
104,,,136,,,,,,
102,,,135,,,,,,
101,,,133,,,,,,
102,,,133,,,,,,
102,,,134,,,,,,
103,,,136,,,,,,
103,,,135,,,,,,
101,,,133,,,,,,
99,,,133,,,,,,
97,,,133,,,,,,
95,,,133,,,,,,
93,,,134,,,,,,
93,,,136,,,,,,
102,,,138,,,,,,
110,,,137,,,,,,
110,,,136,,,,,,
,,,136,,,,,,
,,,136,,,,,,
,,,137,,,,,,
,,,137,,,,,,
,,,139,,,,,,
,,,141,,,,,,
,,,141,,,,,,
,,,140,,,,,,
,,,139,,,,,,
,,,138,,,,,,
,,,138,,,,,,
,,,138,,,,,,
,,,138,,,,,,
,,,138,,,,,,
,,,138,,,,,,
,,,139,,,,,,
,,,141,,,,,,
,,,142,,,,,,
,,,141,,,,,,
,,,138,,,,,,
,,,137,,,,,,
,,,136,,,,,,
,,,135,,,,,,
,,,135,,,,,,
,,,135,,,,,,
,,,136,,,,,,
,,,137,,,,,,
,,,138,,,,,,
,,,140,,,,,,
,,,143,,,,,,
,,,145,,,,,,
,,,147,,,,,,
,,,147,,,,,,
,,,147,,,,,,
,,,147,,,,,,
,,,149,,,,,,
,,,150,,,,,,
,,,151,,,,,,
,,,152,,,,,,
,,,152,,,,,,
,,,152,,,,,,
,,,152,,,,,,
,,,152,,,,,,
,,,152,,,,,,
,,,152,,,,,,
,,,153,,,,,,
,,,153,,,,,,
,,,151,,,,,,
,,,151,,,,,,
,,,149,,,,,,
,,,149,,,,,,
,,,148,,,,,,
,,,148,,,,,,
,,,147,,,,,,
,,,147,,,,,,
,,,146,,,,,,
,,,147,,,,,,
,,,148,,,,,,
,,,149,,,,,,
,,,149,,,,,,
,,,150,,,,,,
,,,150,,,,,,
,,,149,,,,,,
,,,146,,,,,,
,,,146,,,,,,
,,,147,,,,,,
,,,147,,,,,,
,,,144,,,,,,
,,,144,,,,,,
,,,145,,,,,,
,,,146,,,,,,
,,,146,,,,,,
,,,146,,,,,,
,,,143,,,,,,
,,,142,,,,,,
,,,140,,,,,,
,,,140,,,,,,
,,,142,,,,,,
,,,142,,,,,,
,,,141,,,,,,
,,,140,,,,,,
,,,140,,,,,,
,,,141,,,,,,
,,,141,,,,,,
,,,142,,,,,,
,,,144,,,,,,
,,,143,,,,,,
,,,142,,,,,,
,,,141,,,,,,
,,,139,,,,,,
,,,139,,,,,,
,,,139,,,,,,
,,,139,,,,,,
,,,142,,,,,,
,,,143,,,,,,
,,,144,,,,,,
,,,143,,,,,,
,,,140,,,,,,
,,,140,,,,,,
,,,141,,,,,,
,,,141,,,,,,
,,,140,,,,,,
,,,139,,,,,,
,,,139,,,,,,
,,,139,,,,,,
,,,138,,,,,,
,,,138,,,,,,
,,,140,,,,,,
,,,140,,,,,,
,,,142,,,,,,
,,,143,,,,,,
,,,145,,,,,,
,,,145,,,,,,
,,,145,,,,,,
,,,146,,,,,,
,,,146,,,,,,
,,,146,,,,,,
,,,147,,,,,,
,,,146,,,,,,
,,,146,,,,,,
,,,146,,,,,,
,,,146,,,,,,
,,,146,,,,,,
,,,147,,,,,,
,,,147,,,,,,
,,,148,,,,,,
,,,149,,,,,,
,,,150,,,,,,
,,,150,,,,,,
,,,150,,,,,,
,,,151,,,,,,
,,,151,,,,,,
,,,151,,,,,,
,,,149,,,,,,
,,,149,,,,,,
,,,149,,,,,,
,,,149,,,,,,
,,,149,,,,,,
,,,149,,,,,,
,,,151,,,,,,
,,,152,,,,,,
,,,151,,,,,,
,,,150,,,,,,
,,,149,,,,,,
,,,149,,,,,,
,,,149,,,,,,
,,,150,,,,,,
,,,151,,,,,,
,,,151,,,,,,
,,,151,,,,,,
,,,150,,,,,,
,,,150,,,,,,
,,,150,,,,,,
,,,149,,,,,,
,,,149,,,,,,
,,,149,,,,,,
,,,148,,,,,,
,,,148,,,,,,
,,,148,,,,,,
,,,149,,,,,,
,,,149,,,,,,
,,,148,,,,,,
,,,148,,,,,,
,,,148,,,,,,
,,,148,,,,,,
,,,149,,,,,,
,,,149,,,,,,
,,,148,,,,,,
,,,148,,,,,,
,,,148,,,,,,
,,,149,,,,,,
,,,150,,,,,,
,,,150,,,,,,
,,,150,,,,,,
,,,149,,,,,,
,,,147,,,,,,
,,,146,,,,,,
,,,144,,,,,,
,,,143,,,,,,
,,,139,,,,,,
,,,136,,,,,,
,,,133,,,,,,
,,,133,,,,,,
,,,135,,,,,,
,,,137,,,,,,
,,,138,,,,,,
,,,139,,,,,,
,,,144,,,,,,
,,,147,,,,,,
,,,150,,,,,,
,,,150,,,,,,
,,,147,,,,,,
,,,143,,,,,,
,,,140,,,,,,
,,,139,,,,,,
,,,127,,,,,,
,,,125,,,,,,
,,,124,,,,,,
,,,122,,,,,,
,,,121,,,,,,
,,,121,,,,,,
,,,123,,,,,,
,,,124,,,,,,
,,,126,,,,,,
,,,126,,,,,,
,,,126,,,,,,
,,,125,,,,,,
,,,122,,,,,,
,,,123,,,,,,
,,,128,,,,,,
,,,128,,,,,,
,,,128,,,,,,
,,,130,,,,,,
,,,134,,,,,,
,,,135,,,,,,
,,,137,,,,,,
,,,138,,,,,,
,,,139,,,,,,
,,,139,,,,,,
,,,140,,,,,,
,,,141,,,,,,
,,,143,,,,,,
,,,144,,,,,,
,,,145,,,,,,
,,,144,,,,,,
,,,143,,,,,,
,,,143,,,,,,
,,,144,,,,,,
,,,144,,,,,,
,,,144,,,,,,
,,,145,,,,,,
,,,145,,,,,,
,,,144,,,,,,
,,,144,,,,,,
,,,145,,,,,,
,,,144,,,,,,
,,,143,,,,,,
,,,144,,,,,,
,,,145,,,,,,
,,,146,,,,,,
,,,146,,,,,,
,,,147,,,,,,
,,,147,,,,,,
,,,148,,,,,,
,,,150,,,,,,
,,,151,,,,,,
,,,152,,,,,,
,,,152,,,,,,
,,,152,,,,,,
,,,150,,,,,,
,,,149,,,,,,
,,,148,,,,,,
,,,148,,,,,,
,,,147,,,,,,
,,,145,,,,,,
,,,145,,,,,,
,,,145,,,,,,
,,,147,,,,,,
,,,148,,,,,,
,,,148,,,,,,
,,,148,,,,,,
,,,149,,,,,,
,,,149,,,,,,
,,,149,,,,,,
,,,148,,,,,,
,,,147,,,,,,
,,,147,,,,,,
,,,147,,,,,,
,,,147,,,,,,
,,,147,,,,,,
,,,148,,,,,,
,,,147,,,,,,
,,,145,,,,,,
,,,142,,,,,,
,,,139,,,,,,
,,,138,,,,,,
,,,138,,,,,,
,,,136,,,,,,
,,,135,,,,,,
,,,131,,,,,,
,,,129,,,,,,
,,,132,,,,,,
,,,134,,,,,,
,,,136,,,,,,
,,,134,,,,,,
,,,132,,,,,,
,,,131,,,,,,
,,,128,,,,,,
,,,128,,,,,,
,,,128,,,,,,
,,,128,,,,,,
,,,126,,,,,,
,,,125,,,,,,
,,,126,,,,,,
,,,127,,,,,,
,,,130,,,,,,
,,,133,,,,,,
,,,135,,,,,,
,,,136,,,,,,
,,,139,,,,,,
,,,139,,,,,,
,,,140,,,,,,
,,,140,,,,,,
,,,140,,,,,,
,,,139,,,,,,
,,,136,,,,,,
,,,135,,,,,,
,,,135,,,,,,
,,,134,,,,,,
,,,134,,,,,,
,,,134,,,,,,
,,,132,,,,,,
,,,131,,,,,,
,,,131,,,,,,
,,,134,,,,,,
,,,138,,,,,,
,,,140,,,,,,
,,,143,,,,,,
,,,145,,,,,,
,,,148,,,,,,
,,,149,,,,,,
,,,151,,,,,,
,,,152,,,,,,
,,,155,,,,,,
,,,156,,,,,,
,,,157,,,,,,
,,,157,,,,,,
,,,160,,,,,,
,,,160,,,,,,
,,,160,,,,,,
,,,160,,,,,,
,,,158,,,,,,
,,,158,,,,,,
,,,158,,,,,,
,,,158,,,,,,
,,,158,,,,,,
,,,157,,,,,,
,,,153,,,,,,
,,,152,,,,,,
,,,149,,,,,,
,,,148,,,,,,
,,,148,,,,,,
,,,145,,,,,,
,,,143,,,,,,
,,,142,,,,,,
,,,145,,,,,,
,,,146,,,,,,
,,,147,,,,,,
,,,147,,,,,,
,,,147,,,,,,
,,,147,,,,,,
,,,145,,,,,,
,,,144,,,,,,
,,,145,,,,,,
,,,145,,,,,,
,,,147,,,,,,
,,,147,,,,,,
,,,146,,,,,,
,,,145,,,,,,
,,,143,,,,,,
,,,143,,,,,,
,,,143,,,,,,
,,,143,,,,,,
,,,143,,,,,,
,,,144,,,,,,
,,,145,,,,,,
,,,145,,,,,,
,,,149,,,,,,
,,,150,,,,,,
,,,152,,,,,,
,,,153,,,,,,
,,,154,,,,,,
,,,154,,,,,,
,,,154,,,,,,
,,,152,,,,,,
,,,151,,,,,,
,,,150,,,,,,
,,,148,,,,,,
,,,148,,,,,,
,,,148,,,,,,
,,,148,,,,,,
,,,149,,,,,,
,,,149,,,,,,
,,,146,,,,,,
,,,146,,,,,,
,,,148,,,,,,
,,,149,,,,,,
,,,148,,,,,,
,,,148,,,,,,
,,,148,,,,,,
,,,148,,,,,,
,,,147,,,,,,
,,,147,,,,,,
,,,144,,,,,,
,,,143,,,,,,
,,,139,,,,,,
,,,134,,,,,,
,,,130,,,,,,
,,,129,,,,,,
,,,124,,,,,,
,,,122,,,,,,
,,,118,,,,,,
,,,118,,,,,,
,,,121,,,,,,
,,,121,,,,,,
,,,122,,,,,,
,,,123,,,,,,
,,,123,,,,,,
,,,125,,,,,,
,,,127,,,,,,
,,,129,,,,,,
,,,132,,,,,,
,,,133,,,,,,
,,,134,,,,,,
,,,134,,,,,,
,,,134,,,,,,
,,,134,,,,,,
,,,134,,,,,,
,,,135,,,,,,
,,,137,,,,,,
,,,138,,,,,,
,,,137,,,,,,
,,,137,,,,,,
,,,138,,,,,,
,,,138,,,,,,
,,,138,,,,,,
,,,138,,,,,,
,,,139,,,,,,
,,,139,,,,,,
,,,140,,,,,,
,,,139,,,,,,
,,,140,,,,,,
,,,141,,,,,,
,,,143,,,,,,
,,,146,,,,,,
,,,150,,,,,,
,,,152,,,,,,
,,,152,,,,,,
,,,152,,,,,,
,,,151,,,,,,
,,,150,,,,,,
,,,146,,,,,,
,,,144,,,,,,
,,,143,,,,,,
,,,141,,,,,,
,,,140,,,,,,
,,,140,,,,,,
,,,139,,,,,,
,,,139,,,,,,
,,,140,,,,,,
,,,141,,,,,,
,,,142,,,,,,
,,,142,,,,,,
,,,144,,,,,,
,,,144,,,,,,
,,,146,,,,,,
,,,146,,,,,,
,,,146,,,,,,
,,,145,,,,,,
,,,144,,,,,,
,,,145,,,,,,
,,,146,,,,,,
,,,146,,,,,,
,,,147,,,,,,
,,,149,,,,,,
,,,151,,,,,,
,,,151,,,,,,
,,,153,,,,,,
,,,153,,,,,,
,,,155,,,,,,
,,,156,,,,,,
,,,158,,,,,,
,,,159,,,,,,
,,,159,,,,,,
,,,160,,,,,,
,,,160,,,,,,
,,,160,,,,,,
,,,159,,,,,,
,,,158,,,,,,
,,,154,,,,,,
,,,153,,,,,,
,,,152,,,,,,
,,,152,,,,,,
,,,152,,,,,,
,,,151,,,,,,
,,,147,,,,,,
,,,145,,,,,,
,,,146,,,,,,
,,,148,,,,,,
,,,148,,,,,,
,,,145,,,,,,
,,,142,,,,,,
,,,139,,,,,,
,,,134,,,,,,
,,,133,,,,,,
,,,130,,,,,,
,,,131,,,,,,
,,,135,,,,,,
,,,136,,,,,,
,,,138,,,,,,
,,,138,,,,,,
,,,137,,,,,,
,,,137,,,,,,
,,,137,,,,,,
,,,137,,,,,,
,,,137,,,,,,
,,,141,,,,,,
,,,142,,,,,,
,,,142,,,,,,
,,,142,,,,,,
,,,144,,,,,,
,,,147,,,,,,
,,,148,,,,,,
,,,150,,,,,,
,,,150,,,,,,
,,,152,,,,,,
,,,154,,,,,,
,,,155,,,,,,
,,,155,,,,,,
,,,155,,,,,,
,,,155,,,,,,
,,,156,,,,,,
,,,157,,,,,,
,,,157,,,,,,
,,,158,,,,,,
,,,161,,,,,,
,,,162,,,,,,
,,,163,,,,,,
,,,163,,,,,,
,,,162,,,,,,
,,,161,,,,,,
,,,160,,,,,,
,,,159,,,,,,
,,,158,,,,,,
,,,157,,,,,,
,,,156,,,,,,
,,,154,,,,,,
,,,153,,,,,,
,,,152,,,,,,
,,,148,,,,,,
,,,145,,,,,,
,,,138,,,,,,
,,,136,,,,,,
,,,132,,,,,,
,,,129,,,,,,
,,,128,,,,,,
,,,125,,,,,,
,,,128,,,,,,
,,,130,,,,,,
,,,134,,,,,,
,,,135,,,,,,
,,,134,,,,,,
,,,133,,,,,,
,,,131,,,,,,
,,,130,,,,,,
,,,129,,,,,,
,,,125,,,,,,
,,,122,,,,,,
,,,123,,,,,,
,,,127,,,,,,
,,,129,,,,,,
,,,131,,,,,,
,,,131,,,,,,
,,,130,,,,,,
,,,130,,,,,,
,,,128,,,,,,
,,,128,,,,,,
,,,127,,,,,,
,,,128,,,,,,
,,,129,,,,,,
,,,128,,,,,,
,,,128,,,,,,
,,,128,,,,,,
,,,130,,,,,,
,,,133,,,,,,
,,,137,,,,,,
,,,137,,,,,,
,,,136,,,,,,
,,,136,,,,,,
,,,138,,,,,,
,,,139,,,,,,
,,,139,,,,,,
,,,138,,,,,,
,,,136,,,,,,
,,,136,,,,,,
,,,137,,,,,,
,,,136,,,,,,
,,,132,,,,,,
,,,132,,,,,,
,,,131,,,,,,
,,,129,,,,,,
,,,123,,,,,,
,,,121,,,,,,
,,,119,,,,,,
,,,118,,,,,,
,,,118,,,,,,
,,,120,,,,,,
,,,122,,,,,,
,,,119,,,,,,
,,,107,,,,,,
,,,106,,,,,,
,,,110,,,,,,
,,,116,,,,,,
,,,119,,,,,,
,,,120,,,,,,
,,,121,,,,,,
,,,121,,,,,,
,,,121,,,,,,
,,,122,,,,,,
,,,123,,,,,,
,,,124,,,,,,
,,,124,,,,,,
,,,124,,,,,,
,,,109,,,,,,
,,,108,,,,,,
,,,103,,,,,,
,,,102,,,,,,
,,,99,,,,,,
,,,100,,,,,,
,,,102,,,,,,
,,,102,,,,,,
,,,104,,,,,,
,,,105,,,,,,
,,,106,,,,,,
,,,106,,,,,,
,,,105,,,,,,
,,,104,,,,,,
,,,105,,,,,,
,,,106,,,,,,
,,,108,,,,,,
,,,108,,,,,,
,,,108,,,,,,
,,,106,,,,,,
,,,103,,,,,,
,,,100,,,,,,
,,,103,,,,,,
,,,103,,,,,,
,,,103,,,,,,
,,,102,,,,,,
,,,102,,,,,,
,,,103,,,,,,
,,,102,,,,,,
,,,102,,,,,,
,,,103,,,,,,
,,,103,,,,,,
,,,104,,,,,,
,,,105,,,,,,
,,,106,,,,,,
,,,103,,,,,,
,,,98,,,,,,
,,,99,,,,,,
,,,107,,,,,,
,,,107,,,,,,
,,,106,,,,,,
,,,106,,,,,,
,,,106,,,,,,
,,,104,,,,,,
,,,97,,,,,,
,,,96,,,,,,
,,,104,,,,,,
,,,110,,,,,,
,,,110,,,,,,